sport,start_time,duration,cadence,distance,avg_heart_rate,max_heart_rate,speed,total_ascent,total_descent,training_stress_score,pct_z1,pct_z2,pct_z3,pct_z4,pct_z5,label,reward
running,2025-01-01 08:52:23,2526.0,0,8279.0,141,162,3.285,144.0,144.0,0,16.22,69.45,14.33,0.0,0.0,hard,
running,2025-01-01 15:15:17,1960.0,0,6522.0,149,171,3.372,96.0,96.0,0,4.95,35.36,50.56,9.13,0.0,hard,
running,2025-01-02 11:17:06,2473.0,0,7946.64,150,168,3.227,132.0,130.0,0,5.94,26.85,61.46,5.74,0.0,hard,
running,2025-01-02 16:11:05,2909.0,0,10360.95,159,184,3.615,124.0,124.0,0,4.82,11.44,42.24,20.68,20.81,hard,
running,2025-01-03 11:25:06,3207.0,0,10653.61,153,176,3.381,184.0,182.0,0,6.98,19.69,58.82,13.15,1.36,hard,
running,2025-01-03 16:09:58,1895.0,0,5620.73,139,170,3.02,156.0,154.0,0,30.07,46.29,14.67,8.97,0.0,hard,
running,2025-01-04 08:18:28,2146.0,0,7006.05,146,171,3.276,120.0,120.0,0,20.24,34.85,27.04,17.88,0.0,hard,
running,2025-01-06 11:22:07,3551.0,0,12429.0,157,173,3.557,384.0,383.0,0,0.53,12.42,61.79,25.26,0.0,hard,
training,2025-01-07 15:21:34,802.0,0,0,88,104,0.0,0.0,0,0,100.0,0.0,0.0,0.0,0.0,easy,
running,2025-01-07 18:13:49,1603.0,0,4901.0,149,173,3.117,90.0,94.0,0,17.64,34.06,32.2,16.1,0.0,hard,
running,2025-01-07 18:53:17,2339.0,0,9119.26,160,187,3.897,300.0,298.0,0,12.81,12.1,13.99,33.6,27.51,hard,
running,2025-01-07 19:44:32,526.0,0,1830.0,154,169,3.471,50.0,50.0,0,5.88,25.24,36.24,32.64,0.0,hard,
running,2025-01-08 11:31:02,2285.0,0,7706.52,152,166,3.464,234.0,229.0,0,3.06,28.08,61.9,6.96,0.0,hard,
running,2025-01-08 15:19:17,3057.0,0,11078.0,147,167,3.658,182.0,184.0,0,3.75,54.32,40.1,1.83,0.0,hard,
running,2025-01-09 11:34:43,1331.0,0,3953.0,143,168,2.961,58.0,56.0,0,15.25,53.8,26.7,4.25,0.0,hard,
running,2025-01-09 12:03:24,1074.0,0,4115.92,164,183,3.823,40.0,40.0,0,4.44,9.62,17.74,23.43,44.77,hard,
running,2025-01-09 12:28:21,1067.0,0,3052.0,139,153,3.062,53.0,55.0,0,18.7,67.7,13.61,0.0,0.0,hard,
training,2025-01-09 17:29:17,3995.0,0,0,98,167,0,0,0,0,95.27,1.98,2.45,0.3,0.0,easy,
swimming,2025-01-10 11:30:41,2262.0,0,1300.0,109,128,0.935,0,0,0,100.0,0.0,0.0,0.0,0.0,easy,
running,2025-01-11 11:53:03,3075.0,0,11078.89,156,181,3.665,134.0,134.0,0,3.09,15.89,53.01,21.47,6.54,hard,
running,2025-01-12 11:26:33,1487.0,0,4599.81,150,176,3.225,70.0,69.0,0,11.06,12.31,35.46,39.4,1.77,hard,
running,2025-01-12 12:10:24,1672.0,0,7954.0,173,186,4.756,126.0,126.0,0,0.84,1.2,1.2,44.77,52.0,hard,
running,2025-01-12 13:09:36,2185.0,0,7576.21,159,175,3.534,68.0,66.0,0,11.06,9.01,38.98,40.49,0.46,hard,
running,2025-01-13 11:14:48,3634.0,0,12245.0,152,169,3.398,452.0,452.0,0,4.19,14.92,73.4,7.5,0.0,hard,
running,2025-01-14 11:32:43,2379.0,0,8131.22,157,171,3.495,286.0,285.0,0,3.77,12.66,63.47,20.09,0.0,hard,
running,2025-01-14 18:14:43,1851.0,0,5962.58,155,186,3.218,153.0,154.0,0,9.06,10.63,56.1,16.63,7.57,hard,
running,2025-01-14 18:57:06,1689.0,0,6872.18,166,190,4.069,217.0,215.0,0,8.36,8.95,13.28,13.99,55.42,hard,
running,2025-01-14 19:29:16,633.0,0,2197.72,152,161,3.465,68.0,71.0,0,7.41,5.68,86.91,0.0,0.0,hard,
running,2025-01-15 11:21:26,1720.0,0,5521.0,151,174,3.266,178.0,159.0,0,0.76,32.05,43.52,22.34,1.33,hard,
running,2025-01-15 16:07:32,2011.0,0,7530.0,156,177,3.765,0.0,0,0,2.89,4.01,82.77,7.44,2.89,hard,
running,2025-01-16 11:00:35,770.0,0,2510.0,135,169,3.26,29.0,22.0,0,61.13,33.49,1.89,3.48,0.0,easy,
running,2025-01-16 11:30:46,1023.0,0,3187.28,149,164,3.206,28.0,28.0,0,3.91,29.39,66.02,0.68,0.0,hard,
running,2025-01-16 11:58:19,2057.0,0,8435.26,174,186,4.099,84.0,82.0,0,1.75,0.83,9.57,13.61,74.25,hard,
running,2025-01-16 12:33:54,351.0,0,983.12,140,157,2.793,8.0,8.0,0,52.57,24.21,23.22,0.0,0.0,hard,
training,2025-01-16 17:39:40,3703.0,0,0,99,157,0,0,0,0,94.87,3.75,1.38,0.0,0.0,easy,
running,2025-01-17 11:04:43,4559.0,0,17038.31,164,184,3.797,186.0,188.0,0,2.32,9.16,26.41,45.26,16.86,hard,
alpine_skiing,2025-01-18 10:19:58,14611.0,0,23913.67,98,146,3.603,3663.0,0,0,98.15,1.85,0.0,0.0,0.0,easy,
alpine_skiing,2025-01-19 08:40:56,18380.0,0,37285.06,96,141,4.589,5563.0,0,0,97.19,2.81,0.0,0.0,0.0,easy,
running,2025-01-20 15:50:59,3925.0,0,12813.26,151,169,3.316,182.0,182.0,0,2.74,27.22,68.41,1.63,0.0,hard,
running,2025-01-21 11:41:57,2442.0,0,8463.0,154,179,3.462,303.0,299.0,0,3.61,11.49,72.96,11.19,0.74,hard,
running,2025-01-21 18:10:50,1829.0,0,5539.28,149,180,3.08,118.0,117.0,0,8.99,36.81,40.08,10.84,3.28,hard,
running,2025-01-21 18:53:15,893.0,0,3599.55,172,187,4.029,96.0,95.0,0,3.25,1.91,5.72,29.15,59.98,hard,
running,2025-01-21 19:14:17,299.0,0,964.64,142,159,3.209,28.0,28.0,0,12.0,47.33,40.67,0.0,0.0,hard,-0.0001
running,2025-01-22 11:25:37,4706.0,0,16443.85,156,177,3.555,190.0,196.0,0,11.9,9.89,40.78,35.68,1.74,hard,-0.0001
running,2025-01-23 18:11:16,1634.0,0,5426.01,151,175,3.314,120.0,120.0,0,5.99,9.09,64.24,20.13,0.55,hard,-0.0001
running,2025-01-23 18:57:25,1559.0,0,7020.79,168,189,4.5,220.0,223.0,0,0.64,15.38,14.62,14.87,54.49,hard,-0.0001
running,2025-01-23 19:24:15,51.0,0,148.0,120,137,2.881,6.0,0.0,0,72.0,28.0,0.0,0.0,0.0,easy,
running,2025-01-23 19:31:50,436.0,0,1378.06,152,168,3.155,36.0,38.0,0,10.3,8.92,61.1,19.68,0.0,hard,
swimming,2025-01-24 11:45:54,1579.0,0,1100.0,102,110,0.943,0,0,0,100.0,0.0,0.0,0.0,0.0,easy,
running,2025-01-25 10:12:37,3439.0,0,11420.93,151,172,3.389,165.0,174.0,0,4.81,35.94,54.17,5.09,0.0,hard,
training,2025-01-25 13:05:20,3829.0,0,0,100,138,0,0,0,0,96.06,3.94,0.0,0.0,0.0,easy,-0.0206
running,2025-01-26 12:53:51,1771.0,0,5412.58,148,177,3.063,54.0,52.0,0,4.7,64.34,22.11,7.21,1.63,hard,-0.0206
running,2025-01-26 13:40:50,2119.0,0,9080.26,177,190,4.285,118.0,118.0,0,1.13,0.66,0.9,21.14,76.17,hard,-0.0206
running,2025-01-26 14:37:46,659.0,0,1980.29,143,156,3.025,14.0,16.0,0,49.09,29.86,21.06,0.0,0.0,hard,-0.0206
running,2025-01-26 15:34:59,104.0,0,44.81,123,143,0.429,4.0,2.0,0,63.54,36.46,0.0,0.0,0.0,easy,0.001
running,2025-01-27 11:40:43,3774.0,0,12222.64,131,158,3.288,433.0,432.0,0,59.88,31.18,8.93,0.0,0.0,easy,
running,2025-01-28 11:51:45,1858.0,0,6312.92,150,167,3.428,215.0,214.0,0,7.25,18.4,70.15,4.2,0.0,hard,
running,2025-01-28 18:25:46,4284.0,0,13702.82,145,173,3.291,456.0,440.0,0,24.17,47.91,23.26,4.66,0.0,hard,
running,2025-01-29 11:20:31,4326.0,0,15855.0,160,174,3.767,220.0,220.0,0,1.68,7.93,49.04,41.22,0.14,hard,
running,2025-01-30 11:00:16,1276.0,0,4180.0,155,177,3.374,59.0,58.0,0,6.67,14.52,47.41,27.11,4.3,hard,
running,2025-01-30 11:26:37,2040.0,0,8961.07,175,187,4.39,82.0,82.0,0,1.62,2.84,7.69,14.94,72.91,hard,
running,2025-01-30 12:02:59,856.0,0,2817.0,156,172,3.413,46.0,48.0,0,9.65,13.41,40.02,36.92,0.0,hard,-0.0019
running,2025-01-31 11:24:31,5287.0,0,20006.0,162,183,3.791,252.0,248.0,0,1.6,6.07,45.05,33.74,13.55,hard,-0.0019
cycling,2025-02-01 08:40:20,1040.0,0,5772.69,134,148,5.95,13.0,0,0,25.46,74.54,0.0,0.0,0.0,easy,-0.0019
cycling,2025-02-01 10:18:49,14127.0,0,77434.95,109,150,5.55,942.0,0,0,87.03,12.92,0.04,0.0,0.0,easy,-0.0019
running,2025-02-02 11:00:02,4063.0,0,8720.74,127,164,2.191,307.0,311.0,0,50.46,41.44,7.91,0.19,0.0,easy,-0.0007
cycling,2025-02-02 14:41:31,1465.0,0,11320.09,126,146,7.861,34.0,0,0,41.88,58.12,0.0,0.0,0.0,easy,-0.0004
cycling,2025-02-02 16:53:02,1158.0,0,5822.58,102,131,5.575,13.0,0,0,99.92,0.08,0.0,0.0,0.0,easy,-0.0004
running,2025-02-03 11:29:50,2396.0,0,5695.82,129,153,2.379,210.0,210.0,0,39.17,56.07,4.76,0.0,0.0,easy,
running,2025-02-05 11:35:54,1963.0,0,6000.53,141,155,3.075,101.0,102.0,0,11.99,70.14,17.87,0.0,0.0,hard,
running,2025-02-06 11:17:19,3310.0,0,10452.1,149,171,3.3,156.0,151.0,0,8.59,32.98,52.06,6.37,0.0,hard,
running,2025-02-07 12:15:05,5279.0,0,18012.07,153,169,3.456,234.0,240.0,0,2.15,16.59,71.2,10.07,0.0,hard,
cross_country_skiing,2025-02-08 09:29:27,8401.0,0,12895.97,121,155,1.808,1812.0,0,0,40.81,58.6,0.59,0.0,0.0,easy,
cross_country_skiing,2025-02-09 07:12:52,14344.0,0,21578.06,136,164,1.7,945.0,0,0,30.12,64.43,5.36,0.09,0.0,easy,
running,2025-02-10 11:13:43,3852.0,0,12765.98,146,173,3.391,380.0,383.0,0,12.74,42.26,38.35,6.65,0.0,hard,
running,2025-02-11 11:14:56,3546.0,0,12399.0,158,180,3.588,416.0,419.0,0,1.84,18.22,46.94,20.99,12.0,hard,0.0033
running,2025-02-12 11:10:51,1874.0,0,6046.0,143,157,3.243,217.0,217.0,0,15.69,49.73,34.58,0.0,0.0,hard,0.0033
running,2025-02-12 18:26:10,2350.0,0,7415.31,140,170,3.303,174.0,158.0,0,12.68,61.89,19.98,5.46,0.0,hard,0.0033
running,2025-02-12 19:15:38,1494.0,0,6476.78,172,186,4.333,224.0,224.0,0,2.07,3.55,14.11,18.39,61.87,hard,0.0033
running,2025-02-12 19:46:08,380.0,0,1003.0,132,149,2.764,42.0,34.0,0,21.59,78.41,0.0,0.0,0.0,easy,-0.0116
running,2025-02-13 16:58:52,2228.0,0,6689.0,141,169,3.253,125.0,124.0,0,15.84,56.34,24.84,2.98,0.0,hard,-0.011
running,2025-02-14 11:12:47,206.0,0,157.08,125,148,0.76,2.0,2.0,0,62.8,37.2,0.0,0.0,0.0,easy,
running,2025-02-14 11:28:42,1408.0,0,4758.59,146,173,3.436,58.0,56.0,0,9.13,42.76,39.38,8.72,0.0,hard,
running,2025-02-14 12:16:21,1991.0,0,8956.0,174,187,4.496,88.0,88.0,0,2.16,3.01,10.94,18.42,65.46,hard,
running,2025-02-14 12:58:25,1314.0,0,4318.0,144,162,3.341,39.0,46.0,0,5.79,48.04,46.17,0.0,0.0,hard,
training,2025-02-15 13:03:54,3841.0,0,0,105,149,0,0,0,0,85.63,14.37,0.0,0.0,0.0,easy,
cycling,2025-02-15 15:29:27,3759.0,0,26101.43,94,131,7.247,124.0,0,0,99.97,0.03,0.0,0.0,0.0,easy,
running,2025-02-16 10:28:19,5643.0,0,21476.0,160,175,3.829,271.0,272.0,0,4.11,4.16,45.58,45.94,0.2,hard,
running,2025-02-17 11:30:38,3773.0,0,12531.0,151,165,3.332,476.0,475.0,0,3.92,33.64,60.38,2.06,0.0,hard,
running,2025-02-18 11:18:29,2054.0,0,6683.0,146,157,3.256,259.0,256.0,0,6.15,49.19,44.66,0.0,0.0,hard,
running,2025-02-18 18:13:01,1821.0,0,5579.0,143,179,3.07,130.0,131.0,0,22.0,52.92,15.19,6.01,3.89,hard,
running,2025-02-18 18:58:12,2751.0,0,11821.78,171,188,4.296,391.0,387.0,0,0.0,9.08,16.17,14.32,60.43,hard,
running,2025-02-18 19:49:00,325.0,0,1015.28,140,163,3.118,32.0,34.0,0,25.62,27.78,45.99,0.62,0.0,hard,
running,2025-02-19 16:52:32,3041.0,0,10448.0,149,175,3.435,428.0,424.0,0,3.97,41.33,49.34,4.81,0.54,hard,
running,2025-02-20 11:15:44,2234.0,0,7613.92,148,167,3.41,273.0,274.0,0,10.07,27.9,57.51,4.51,0.0,hard,
training,2025-02-20 17:35:43,5743.0,0,0,107,167,0,0,0,0,90.15,8.18,1.17,0.5,0.0,easy,
running,2025-02-21 11:53:01,4153.0,0,15971.0,158,180,3.89,206.0,207.0,0,8.83,5.08,39.6,38.01,8.47,hard,
training,2025-02-22 13:13:24,3964.0,0,0,106,148,0,0,0,0,92.36,7.64,0.0,0.0,0.0,easy,
running,2025-02-23 07:26:33,6440.0,0,24302.0,159,175,3.792,267.0,270.0,0,2.16,5.66,53.94,37.05,1.19,hard,
running,2025-02-24 11:19:43,4015.0,0,13007.82,145,156,3.298,412.0,413.0,0,3.28,65.12,31.6,0.0,0.0,hard,
running,2025-02-25 11:37:41,1893.0,0,6050.0,142,173,3.194,0.0,0.0,0,2.8,80.25,10.51,6.44,0.0,hard,
running,2025-02-25 18:26:52,1396.0,0,4575.0,150,170,3.364,135.0,137.0,0,3.87,30.49,57.91,7.73,0.0,hard,
running,2025-02-25 19:04:01,1866.0,0,8454.52,169,187,4.528,260.0,258.0,0,2.04,7.66,15.85,20.51,53.94,hard,
running,2025-02-25 19:40:42,400.0,0,1357.0,143,153,3.377,40.0,40.0,0,15.71,49.38,34.91,0.0,0.0,hard,
running,2025-02-26 11:17:51,3505.0,0,12850.0,158,177,3.701,342.0,334.0,0,1.99,19.96,44.64,29.82,3.59,hard,
running,2025-02-27 10:57:31,1455.0,0,4534.58,140,170,3.108,79.0,72.0,0,16.87,53.09,18.8,11.24,0.0,hard,
running,2025-02-27 11:34:19,3191.0,0,14571.05,172,183,4.567,244.0,246.0,0,0.82,2.66,11.25,24.36,60.91,hard,
running,2025-02-27 12:28:58,172.0,0,503.0,135,155,2.896,8.0,4.0,0,22.73,64.55,12.73,0.0,0.0,hard,
running,2025-02-27 12:46:51,769.0,0,2509.0,143,157,3.261,36.0,44.0,0,8.71,66.06,25.23,0.0,0.0,hard,
training,2025-02-27 17:40:25,3765.0,0,0,114,158,0,0,0,0,81.6,17.39,1.01,0.0,0.0,easy,
swimming,2025-02-28 11:55:39,2424.0,0,1500.0,103,121,0.901,0,0,0,100.0,0.0,0.0,0.0,0.0,easy,
running,2025-03-01 10:24:55,2808.0,0,9502.51,149,163,3.42,150.0,149.0,0,4.74,28.8,64.79,1.67,0.0,hard,
training,2025-03-01 12:59:30,3472.0,0,0,101,134,0,0,0,0,99.4,0.6,0.0,0.0,0.0,easy,
running,2025-03-02 07:33:13,4819.0,0,18250.66,156,175,3.794,214.0,207.0,0,3.38,26.91,30.8,38.64,0.26,hard,
running,2025-03-03 11:42:39,3020.0,0,10299.0,151,172,3.472,334.0,326.0,0,5.64,26.69,61.79,5.87,0.0,hard,0.0055
training,2025-03-04 10:52:08,883.0,0,0,80,100,0.0,0.0,0.0,0,100.0,0.0,0.0,0.0,0.0,easy,0.0055
running,2025-03-04 18:22:21,1848.0,0,5117.77,141,173,2.828,103.0,108.0,0,29.11,44.56,16.01,10.32,0.0,hard,0.0055
running,2025-03-04 19:07:41,1375.0,0,6350.91,174,191,4.614,197.0,196.0,0,1.89,2.18,6.4,15.26,74.27,hard,0.0055
running,2025-03-04 19:43:19,361.0,0,1061.0,127,141,2.93,26.0,28.0,0,46.69,53.31,0.0,0.0,0.0,easy,
running,2025-03-05 11:58:25,3217.0,0,10797.0,142,162,3.42,366.0,364.0,0,11.16,67.68,21.16,0.0,0.0,hard,
running,2025-03-06 17:21:54,3943.0,0,13853.0,150,173,3.579,186.0,190.0,0,4.01,51.35,33.66,10.98,0.0,hard,0.0042
running,2025-03-08 10:24:39,2739.0,0,8460.88,146,177,3.132,150.0,150.0,0,19.09,38.62,24.1,16.86,1.32,hard,0.0042
running,2025-03-09 06:08:04,1972.0,0,5051.83,144,179,2.629,137.0,143.0,0,15.98,48.2,26.48,8.57,0.78,hard,0.0042
running,2025-03-09 07:00:08,4377.0,0,21405.0,176,191,4.889,387.0,371.0,0,0.75,0.37,0.25,20.97,77.66,hard,0.0042
running,2025-03-09 08:55:04,623.0,0,1606.89,127,153,2.718,49.0,37.0,0,75.73,19.41,4.85,0.0,0.0,easy,0.0032
running,2025-03-09 10:11:57,159.0,0,418.77,129,141,2.62,8.0,10.0,0,30.63,69.38,0.0,0.0,0.0,easy,
training,2025-03-10 16:22:19,305.0,0,0,79,95,0.0,0.0,0.0,0,100.0,0.0,0.0,0.0,0.0,easy,
cycling,2025-03-10 16:27:40,1801.0,0,13000.0,99,110,7.218,0.0,0.0,0,100.0,0.0,0.0,0.0,0.0,easy,
running,2025-03-16 16:57:45,3754.0,0,13004.83,151,165,3.498,186.0,180.0,0,3.97,20.18,75.23,0.61,0.0,hard,
running,2025-03-17 11:36:39,4361.0,0,15002.33,162,185,3.507,418.0,418.0,0,2.14,9.04,41.96,27.67,19.2,hard,
running,2025-03-18 06:37:54,2245.0,0,7247.82,144,158,3.308,116.0,115.0,0,3.12,70.97,25.91,0.0,0.0,hard,0.0038
running,2025-03-18 18:21:13,1671.0,0,4758.0,145,167,2.842,94.0,91.0,0,14.92,48.6,33.73,2.74,0.0,hard,0.0038
running,2025-03-18 19:00:43,1556.0,0,4524.15,161,180,2.907,148.0,142.0,0,0.39,20.46,31.85,31.92,15.38,hard,0.0038
running,2025-03-18 19:37:36,400.0,0,1345.0,149,159,3.349,40.0,40.0,0,4.24,39.65,56.11,0.0,0.0,hard,0.0038
running,2025-03-19 07:19:51,1987.0,0,5891.18,138,157,3.059,96.0,97.0,0,12.38,78.29,9.33,0.0,0.0,easy,
running,2025-03-19 17:48:17,2801.0,0,10300.0,135,170,3.677,98.0,101.0,0,18.04,63.19,17.67,1.09,0.0,hard,
running,2025-03-20 07:30:10,2734.0,0,9885.0,161,184,3.637,233.0,232.0,0,1.8,14.05,38.06,20.02,26.06,hard,
running,2025-03-22 15:16:30,5209.0,0,10863.25,149,174,2.113,802.0,800.0,0,8.34,38.22,41.68,11.63,0.13,hard,
cross_country_skiing,2025-03-23 08:17:55,6677.0,0,9991.27,132,163,1.647,902.0,890.0,0,25.1,71.59,3.3,0.01,0.0,easy,
running,2025-03-24 11:36:46,3630.0,0,11350.0,154,182,3.175,215.0,239.0,0,5.92,16.36,53.6,18.76,5.36,hard,
running,2025-03-24 17:50:58,1823.0,0,5506.0,144,159,3.052,117.0,118.0,0,10.47,46.98,42.54,0.0,0.0,hard,
cross_country_skiing,2025-03-25 08:04:47,4103.0,0,5204.26,141,162,1.628,481.0,512.0,0,8.42,71.07,20.51,0.0,0.0,hard,
running,2025-03-26 12:17:21,1838.0,0,6008.0,152,170,3.308,418.0,1026.0,0,6.62,20.54,54.99,17.85,0.0,hard,0.003
running,2025-03-26 16:55:58,849.0,0,2397.56,141,158,2.817,208.0,281.0,0,25.77,42.64,31.59,0.0,0.0,hard,0.003
running,2025-03-26 17:16:36,2593.0,0,8716.17,156,186,3.362,149.0,178.0,0,10.36,24.55,32.87,16.62,15.6,hard,0.003
cross_country_skiing,2025-03-27 08:07:05,6019.0,0,9130.36,132,161,1.678,857.0,839.0,0,28.34,68.4,3.26,0.0,0.0,easy,0.003
running,2025-03-28 06:43:01,1938.0,0,5602.55,138,153,2.977,136.0,150.0,0,16.11,81.87,2.02,0.0,0.0,easy,-0.0022
running,2025-03-28 16:10:40,2391.0,0,7571.98,149,175,3.216,181.0,172.0,0,6.58,38.47,45.88,8.8,0.28,hard,-0.0053
running,2025-03-29 12:17:02,1829.0,0,5513.67,147,176,3.033,123.0,167.0,0,14.26,37.67,43.12,4.12,0.83,hard,-0.0053
running,2025-03-29 13:00:01,2851.0,0,13173.0,180,189,4.62,326.0,322.0,0,0.0,0.53,0.35,7.68,91.44,hard,-0.0053
running,2025-03-29 14:05:35,868.0,0,1807.0,130,148,2.133,44.0,42.0,0,51.44,48.56,0.0,0.0,0.0,easy,
cycling,2025-03-30 08:48:03,9678.0,0,66104.52,138,171,6.944,1037.0,1035.0,0,16.45,68.61,14.32,0.62,0.0,hard,
running,2025-03-31 09:46:36,3631.0,0,10775.29,147,178,3.048,193.0,188.0,0,12.42,34.52,42.17,9.57,1.32,hard,
running,2025-04-01 10:09:49,2419.0,0,7661.14,151,172,3.211,131.0,132.0,0,3.42,30.4,59.16,7.02,0.0,hard,
running,2025-04-01 15:54:15,1341.0,0,4121.17,145,175,3.159,70.0,64.0,0,28.99,34.61,31.97,3.95,0.48,hard,
running,2025-04-01 16:33:07,1536.0,0,6214.1,172,186,4.038,60.0,58.0,0,3.05,6.93,7.06,12.47,70.48,hard,0.003
running,2025-04-01 17:02:49,922.0,0,2901.83,145,160,3.214,46.0,48.0,0,6.56,59.59,33.85,0.0,0.0,hard,0.003
running,2025-04-02 10:32:05,2655.0,0,8792.97,151,172,3.397,157.0,154.0,0,3.54,30.57,56.7,9.19,0.0,hard,0.003
cycling,2025-04-02 16:19:01,4037.0,0,30714.92,129,156,7.811,149.0,149.0,0,40.1,56.94,2.96,0.0,0.0,easy,0.003
running,2025-04-03 10:08:18,1843.0,0,5970.71,142,154,3.314,188.0,193.0,0,6.13,84.98,8.88,0.0,0.0,easy,0.0017
running,2025-04-03 16:54:47,1569.0,0,4375.15,131,161,2.889,40.0,34.0,0,36.88,62.35,0.78,0.0,0.0,easy,0.002
running,2025-04-03 17:29:28,1122.0,0,4021.16,159,179,3.635,40.0,40.0,0,2.32,18.08,36.69,29.3,13.62,hard,0.0016
running,2025-04-03 18:00:31,269.0,0,821.0,133,145,3.021,4.0,10.0,0,20.88,79.12,0.0,0.0,0.0,easy,-0.001
running,2025-04-03 18:24:19,187.0,0,490.0,130,140,2.614,4.0,6.0,0,32.18,67.82,0.0,0.0,0.0,easy,
cycling,2025-04-04 07:40:14,14239.0,0,102964.85,142,169,7.292,675.0,621.0,0,15.25,49.22,34.12,1.41,0.0,hard,
cycling,2025-04-04 12:46:01,433.0,0,1980.86,123,149,4.892,7.0,10.0,0,63.62,36.38,0.0,0.0,0.0,easy,
training,2025-04-05 12:08:14,4387.0,0,0,107,157,0,0,0,0,91.5,7.96,0.55,0.0,0.0,easy,
running,2025-04-06 09:39:30,3910.0,0,14055.74,149,163,3.604,142.0,140.0,0,1.48,50.51,47.96,0.05,0.0,hard,
cycling,2025-04-06 14:09:48,4166.0,0,31628.49,137,169,7.642,202.0,203.0,0,11.24,82.04,4.8,1.92,0.0,easy,
running,2025-04-07 16:13:53,3449.0,0,11471.31,144,178,3.354,168.0,165.0,0,23.12,42.47,12.25,16.0,6.15,hard,0.0028
running,2025-04-08 10:09:25,2068.0,0,6712.32,142,163,3.242,82.0,84.0,0,8.19,71.04,20.68,0.08,0.0,hard,0.0028
running,2025-04-08 16:42:54,1198.0,0,3830.51,132,159,3.213,32.0,18.0,0,49.8,36.06,14.14,0.0,0.0,hard,0.0028
running,2025-04-08 17:06:52,1342.0,0,5405.39,169,187,4.027,42.0,42.0,0,6.41,7.31,5.37,26.92,53.99,hard,0.0028
running,2025-04-08 17:31:38,741.0,0,2483.57,141,147,3.348,10.0,26.0,0,4.19,95.81,0.0,0.0,0.0,easy,0.0037
running,2025-04-09 06:41:19,1797.0,0,5989.5,136,149,3.352,42.0,42.0,0,12.54,87.46,0.0,0.0,0.0,easy,0.0023
running,2025-04-09 16:54:32,2491.0,0,8347.24,137,165,3.389,60.0,56.0,0,10.47,80.83,7.96,0.75,0.0,easy,0.0011
running,2025-04-10 17:29:07,643.0,0,2025.06,132,150,3.14,18.0,20.0,0,48.14,51.2,0.66,0.0,0.0,easy,-0.0026
running,2025-04-10 18:13:55,976.0,0,2629.81,136,171,2.795,18.0,20.0,0,21.97,47.93,9.07,21.03,0.0,hard,-0.0028
running,2025-04-10 18:36:05,1153.0,0,4125.3,159,188,3.576,20.0,20.0,0,13.63,8.07,22.05,26.13,30.12,hard,-0.0028
running,2025-04-10 18:57:22,396.0,0,1005.76,129,141,2.652,10.0,10.0,0,36.02,63.98,0.0,0.0,0.0,easy,
cycling,2025-04-11 16:39:04,5091.0,0,30829.52,132,161,6.364,184.0,183.0,0,40.58,54.68,4.74,0.0,0.0,easy,
training,2025-04-12 12:08:23,4106.0,0,0,128,180,0,0,0,0,59.92,26.86,8.86,3.53,0.83,hard,0.0
running,2025-04-13 06:09:20,1371.0,0,5173.23,157,185,3.796,106.0,95.0,0,9.95,49.61,5.78,10.05,24.61,hard,0.0
running,2025-04-13 06:46:25,1260.0,0,4206.9,159,180,3.37,124.0,117.0,0,6.9,15.23,29.18,33.47,15.23,hard,0.0
running,2025-04-13 07:09:17,3098.0,0,11451.51,160,182,3.7,337.0,331.0,0,22.53,36.75,8.37,13.83,18.52,hard,0.0
running,2025-04-14 10:13:48,1982.0,0,6411.64,139,153,3.27,232.0,231.0,0,7.94,89.09,2.98,0.0,0.0,easy,-0.0013
running,2025-04-14 17:05:38,1322.0,0,3734.34,130,165,2.884,56.0,51.0,0,35.11,64.43,0.4,0.07,0.0,easy,-0.0006
running,2025-04-14 17:32:42,821.0,0,3551.43,179,187,4.319,24.0,24.0,0,2.43,0.73,0.36,6.69,89.78,hard,-0.0001
running,2025-04-14 17:50:37,763.0,0,2389.51,137,145,3.127,44.0,50.0,0,9.29,90.71,0.0,0.0,0.0,easy,0.0024
running,2025-04-15 10:26:37,1953.0,0,6325.11,129,140,3.267,266.0,267.0,0,47.99,52.01,0.0,0.0,0.0,easy,-0.0014
running,2025-04-15 17:46:56,1294.0,0,3816.72,139,163,2.942,62.0,60.0,0,31.13,60.42,8.04,0.41,0.0,easy,0.0017
running,2025-04-15 18:18:53,1458.0,0,5771.47,162,186,3.957,70.0,70.0,0,1.92,32.49,12.75,13.09,39.75,hard,0.0016
running,2025-04-15 19:02:00,1040.0,0,3020.52,139,155,2.902,52.0,50.0,0,10.48,76.15,13.37,0.0,0.0,hard,0.0016
running,2025-04-16 10:54:43,3528.0,0,11435.56,132,144,3.245,162.0,163.0,0,32.77,67.23,0.0,0.0,0.0,easy,0.0002
cycling,2025-04-16 17:46:33,2014.0,0,15923.85,135,160,7.961,67.0,120.0,0,25.23,71.42,3.35,0.0,0.0,easy,-0.0
running,2025-04-17 15:46:43,1386.0,0,4149.43,129,162,2.989,38.0,38.0,0,44.38,53.8,1.82,0.0,0.0,easy,-0.0012
running,2025-04-17 16:18:50,1186.0,0,4626.19,160,185,3.894,48.0,50.0,0,8.09,24.18,16.01,16.34,35.38,hard,-0.0014
running,2025-04-17 16:39:10,418.0,0,1241.18,134,145,2.947,10.0,6.0,0,89.0,11.0,0.0,0.0,0.0,easy,
cycling,2025-04-19 10:03:46,5574.0,0,23122.97,105,140,4.2,508.0,503.0,0,98.56,1.44,0.0,0.0,0.0,easy,
cycling,2025-04-20 08:47:09,6404.0,0,34119.32,121,166,5.344,450.0,474.0,0,68.48,18.33,12.8,0.39,0.0,hard,0.0013
running,2025-04-20 16:45:37,3873.0,0,12158.94,145,184,3.181,244.0,240.0,0,9.07,64.0,9.5,8.67,8.75,hard,0.0013
running,2025-04-22 14:55:07,3440.0,0,11737.84,147,166,3.437,206.0,393.0,0,3.47,52.36,42.75,1.42,0.0,hard,0.0013
cycling,2025-04-22 16:46:21,2714.0,0,11463.99,114,142,4.378,215.0,217.0,0,88.92,11.08,0.0,0.0,0.0,easy,0.0013
running,2025-04-23 13:54:08,1118.0,0,3390.7,125,161,3.065,50.0,52.0,0,45.22,53.67,1.11,0.0,0.0,easy,-0.0017
running,2025-04-23 14:21:46,651.0,0,2533.07,157,180,3.888,36.0,36.0,0,10.74,26.38,14.57,22.55,25.77,hard,-0.0015
running,2025-04-23 14:35:01,340.0,0,984.12,133,148,2.871,10.0,4.0,0,45.12,54.88,0.0,0.0,0.0,easy,0.0002
running,2025-04-24 12:39:51,733.0,0,1076.78,153,169,1.488,195.0,2.0,0,3.96,26.47,44.07,25.51,0.0,hard,0.0001
walking,2025-04-25 11:41:07,561.0,0,1924.66,97,112,3.425,0.0,0.0,0,100.0,0.0,0.0,0.0,0.0,easy,0.0001
cycling,2025-04-25 14:37:06,3068.0,0,22304.83,140,170,7.317,366.0,365.0,0,26.86,51.48,19.99,1.67,0.0,hard,0.0001
running,2025-04-26 09:55:21,1963.0,0,5656.15,124,144,2.89,52.0,38.0,0,74.44,25.56,0.0,0.0,0.0,easy,-0.0007
running,2025-04-26 14:52:39,1704.0,0,4880.85,129,159,2.901,28.0,40.0,0,57.36,40.88,1.76,0.0,0.0,easy,-0.0005
running,2025-04-26 15:26:28,1117.0,0,4617.57,166,189,4.13,24.0,24.0,0,4.2,27.55,6.98,8.77,52.5,hard,-0.0004
running,2025-04-26 15:51:36,333.0,0,1003.5,134,145,3.003,16.0,4.0,0,14.37,85.63,0.0,0.0,0.0,easy,-0.0021
running,2025-04-27 10:14:11,5886.0,0,14972.77,127,167,2.628,215.0,200.0,0,34.8,58.27,6.1,0.83,0.0,easy,0.0009
running,2025-04-28 10:18:26,2024.0,0,6452.1,136,151,3.233,225.0,211.0,0,19.75,79.75,0.49,0.0,0.0,easy,0.0009
running,2025-04-28 16:38:39,1119.0,0,3389.42,135,153,3.106,60.0,58.0,0,25.9,72.21,1.89,0.0,0.0,easy,0.0023
running,2025-04-28 17:00:45,676.0,0,2797.3,174,190,4.134,28.0,28.0,0,4.14,2.36,10.34,18.32,64.84,hard,0.0024
running,2025-04-28 17:14:14,927.0,0,2928.65,143,153,3.182,56.0,56.0,0,5.17,76.08,18.75,0.0,0.0,hard,0.0024
running,2025-04-29 10:16:05,1892.0,0,6348.77,135,148,3.353,257.0,256.0,0,20.71,79.29,0.0,0.0,0.0,easy,0.0021
running,2025-04-30 10:23:21,2058.0,0,6642.86,135,152,3.322,105.0,108.0,0,16.71,82.15,1.14,0.0,0.0,easy,
running,2025-04-30 18:37:52,1946.0,0,5667.87,142,170,2.907,96.0,93.0,0,21.32,64.92,8.28,5.48,0.0,hard,0.0009
running,2025-04-30 19:36:15,264.0,0,1500.0,150,171,5.682,42.0,40.0,0,15.09,12.45,54.72,17.74,0.0,hard,0.0009
running,2025-04-30 19:55:09,825.0,0,2971.94,151,167,3.596,95.0,93.0,0,2.47,69.26,12.34,15.93,0.0,hard,0.0009
cycling,2025-05-01 09:42:15,8278.0,0,63636.38,139,171,7.803,525.0,590.0,0,24.29,57.68,15.98,2.05,0.0,hard,0.0009
running,2025-05-01 19:07:19,2689.0,0,9141.46,140,153,3.406,132.0,136.0,0,6.39,91.12,2.5,0.0,0.0,easy,0.0014
cycling,2025-05-02 10:05:18,4992.0,0,38360.59,122,149,7.753,162.0,158.0,0,77.81,22.19,0.0,0.0,0.0,easy,0.0007
running,2025-05-02 17:16:08,2804.0,0,9038.34,133,149,3.295,142.0,147.0,0,28.14,71.86,0.0,0.0,0.0,easy,0.0014
running,2025-05-04 08:31:13,1771.0,0,5552.92,145,173,3.16,54.0,52.0,0,7.39,56.48,25.41,10.71,0.0,hard,0.0012
running,2025-05-04 09:13:30,2053.0,0,6569.41,161,191,3.198,66.0,66.0,0,7.3,34.66,9.3,7.45,41.29,hard,0.0012
running,2025-05-04 09:52:40,793.0,0,2682.54,154,166,3.375,28.0,30.0,0,2.73,49.79,36.04,11.44,0.0,hard,0.0012
running,2025-05-05 09:41:26,1848.0,0,6221.87,134,145,3.412,124.0,122.0,0,19.77,80.23,0.0,0.0,0.0,easy,0.0013
running,2025-05-05 16:36:44,2816.0,0,8493.21,128,152,3.281,125.0,114.0,0,59.34,39.98,0.68,0.0,0.0,easy,-0.0
running,2025-05-06 05:41:26,1966.0,0,5987.66,129,151,3.197,154.0,155.0,0,61.46,37.57,0.97,0.0,0.0,easy,
running,2025-05-06 17:40:15,1739.0,0,5615.31,144,171,3.276,49.0,50.0,0,25.6,51.88,12.01,10.51,0.0,hard,
running,2025-05-06 18:27:30,2240.0,0,6311.54,143,194,2.836,38.0,38.0,0,29.64,44.91,9.24,3.66,12.54,hard,-0.0044
running,2025-05-07 10:00:52,2969.0,0,10181.3,141,157,3.516,347.0,348.0,0,11.67,74.01,14.33,0.0,0.0,hard,-0.0044
running,2025-05-08 10:58:43,1534.0,0,4743.54,138,167,3.087,39.0,40.0,0,20.59,64.32,14.35,0.73,0.0,hard,-0.0044
running,2025-05-08 11:32:52,2519.0,0,6770.74,139,187,2.713,72.0,70.0,0,37.04,41.77,13.18,3.01,5.01,hard,-0.0044
running,2025-05-08 12:21:01,161.0,0,436.72,131,137,2.701,4.0,4.0,0,20.99,79.01,0.0,0.0,0.0,easy,0.0008
cycling,2025-05-09 05:21:55,934.0,0,6542.8,150,175,7.642,36.0,23.0,0,15.51,19.89,34.12,28.34,2.14,hard,0.0016
cycling,2025-05-09 06:18:51,11381.0,0,74218.36,131,172,6.683,498.0,631.0,0,47.08,44.79,7.5,0.63,0.0,easy,0.0016
running,2025-05-10 09:42:21,2103.0,0,7272.53,134,147,3.46,115.0,114.0,0,29.61,70.39,0.0,0.0,0.0,easy,-0.0138
running,2025-05-11 09:05:24,4885.0,0,15443.05,144,169,3.186,215.0,201.0,0,13.81,56.44,28.48,1.27,0.0,hard,-0.014
running,2025-05-13 17:10:39,2162.0,0,6030.89,140,181,2.824,130.0,128.0,0,27.5,53.89,12.15,3.8,2.65,hard,-0.014
running,2025-05-13 17:58:48,2388.0,0,7669.24,161,198,3.21,212.0,217.0,0,17.22,13.41,18.81,13.66,36.91,hard,-0.014
running,2025-05-13 18:46:15,38.0,0,50.29,124,130,1.297,0.0,2.0,0,100.0,0.0,0.0,0.0,0.0,easy,0.0005
cycling,2025-05-14 17:13:32,3841.0,0,31165.16,128,173,8.272,136.0,140.0,0,58.62,31.05,6.59,3.75,0.0,hard,0.0035
running,2025-05-15 10:15:05,2415.0,0,8378.83,141,155,3.519,136.0,136.0,0,8.51,87.48,4.02,0.0,0.0,easy,0.0033
training,2025-05-15 16:32:00,3791.0,0,0,114,161,0,0,0,0,77.29,22.02,0.69,0.0,0.0,easy,0.0035
running,2025-05-16 10:12:28,3173.0,0,11157.27,142,163,3.544,156.0,151.0,0,27.45,61.38,11.06,0.12,0.0,hard,0.0035
running,2025-05-16 17:06:33,2398.0,0,7179.38,125,141,3.101,170.0,173.0,0,56.01,43.99,0.0,0.0,0.0,easy,-0.0016
running,2025-05-17 08:53:27,1411.0,0,3789.95,137,164,2.747,62.0,59.0,0,16.23,66.15,2.58,15.04,0.0,hard,-0.0016
running,2025-05-17 09:27:32,1703.0,0,6007.0,149,192,3.595,44.0,44.0,0,20.95,39.03,13.97,7.98,18.08,hard,-0.0016
running,2025-05-17 09:57:12,265.0,0,701.72,134,147,2.643,22.0,11.0,0,12.54,87.46,0.0,0.0,0.0,easy,
cycling,2025-05-17 11:32:28,7760.0,0,36377.12,105,153,4.958,210.0,202.0,0,87.48,12.29,0.23,0.0,0.0,easy,-0.0
running,2025-05-18 10:09:05,5261.0,0,18217.69,145,163,3.571,211.0,212.0,0,7.99,67.82,23.93,0.25,0.0,hard,-0.0
running,2025-05-19 10:41:34,1353.0,0,3945.72,133,167,2.984,54.0,54.0,0,23.01,53.7,5.31,17.98,0.0,hard,-0.0
running,2025-05-19 11:11:56,1067.0,0,3657.96,152,191,3.479,36.0,36.0,0,18.91,25.47,19.57,13.11,22.94,hard,-0.0
running,2025-05-19 11:31:30,1048.0,0,3000.38,141,150,2.982,55.0,56.0,0,5.72,92.76,1.53,0.0,0.0,easy,0.0016
cycling,2025-05-19 15:49:55,3279.0,0,25361.52,131,173,8.083,110.0,112.0,0,50.69,33.84,12.18,3.29,0.0,hard,0.0025
running,2025-05-21 05:30:17,1889.0,0,6006.92,142,153,3.23,97.0,97.0,0,4.97,88.47,6.56,0.0,0.0,easy,0.0021
running,2025-05-21 19:49:57,1759.0,0,5381.41,136,168,3.176,86.0,106.0,0,22.31,57.35,4.36,15.97,0.0,hard,-0.0003
running,2025-05-22 16:31:33,2090.0,0,6213.58,136,170,3.04,118.0,130.0,0,48.2,42.32,4.28,5.2,0.0,easy,-0.0009
running,2025-05-22 17:20:22,322.0,0,1539.33,181,195,4.766,44.0,43.0,0,5.57,4.95,5.57,4.64,79.26,hard,-0.0003
running,2025-05-22 17:38:38,713.0,0,2000.35,128,151,2.793,66.0,56.0,0,32.51,66.98,0.51,0.0,0.0,easy,0.0023
running,2025-05-23 09:45:02,4866.0,0,16572.66,143,161,3.471,245.0,247.0,0,4.19,64.79,31.02,0.0,0.0,hard,0.0029
running,2025-05-25 08:00:30,2172.0,0,7215.71,137,153,3.348,94.0,94.0,0,11.39,86.71,1.91,0.0,0.0,easy,-0.0055
running,2025-05-26 15:36:57,3932.0,0,6878.36,113,145,1.817,271.0,280.0,0,84.78,15.22,0.0,0.0,0.0,easy,-0.0023
running,2025-05-27 06:44:45,1213.0,0,3358.72,139,161,2.806,117.0,26.0,0,35.93,54.73,9.34,0.0,0.0,easy,-0.0054
hiking,2025-05-28 09:32:16,5627.0,0,2384.24,99,142,0.425,314.0,324.0,0,98.02,1.98,0.0,0.0,0.0,easy,-0.0049
hiking,2025-05-29 07:05:44,11644.0,0,10370.4,102,145,0.9,464.0,493.0,0,98.71,1.29,0.0,0.0,0.0,easy,-0.0049
hiking,2025-05-30 07:34:24,7620.0,0,6896.66,101,148,0.906,289.0,285.0,0,97.52,2.48,0.0,0.0,0.0,easy,-0.0049
running,2025-05-31 15:28:00,2742.0,0,5430.82,125,164,2.012,71.0,79.0,0,61.05,35.83,2.85,0.27,0.0,easy,
running,2025-06-01 06:56:36,3587.0,0,10527.44,167,182,2.973,408.0,110.0,0,1.21,3.71,17.11,45.78,32.19,hard,0.0049
hiking,2025-06-02 07:03:08,10667.0,0,8844.51,117,157,0.839,720.0,497.0,0,72.39,26.76,0.85,0.0,0.0,easy,0.0049
hiking,2025-06-03 08:08:30,4826.0,0,3845.81,97,127,0.8,176.0,177.0,0,100.0,0.0,0.0,0.0,0.0,easy,0.0049
running,2025-06-04 09:48:24,1878.0,0,6311.89,151,163,3.392,50.0,50.0,0,3.89,29.25,65.04,1.82,0.0,hard,0.0049
running,2025-06-05 16:34:45,914.0,0,2795.35,126,146,3.097,12.0,207.0,0,44.38,55.62,0.0,0.0,0.0,easy,0.004
cycling,2025-06-05 16:56:30,1079.0,0,3241.25,132,159,3.019,183.0,0.0,0,43.43,50.32,6.25,0.0,0.0,easy,0.0035
cycling,2025-06-06 04:24:10,22472.0,0,107295.8,142,177,4.781,3321.0,3503.0,0,36.7,13.66,30.43,18.74,0.47,hard,0.0035
hiking,2025-06-08 05:22:41,1300.0,0,1136.54,103,132,0.872,57.0,92.0,0,96.15,3.85,0.0,0.0,0.0,easy,0.0035
running,2025-06-08 16:29:08,3604.0,0,11095.09,130,149,3.09,158.0,158.0,0,52.68,47.32,0.0,0.0,0.0,easy,0.0033
walking,2025-06-09 10:27:09,2140.0,0,505.29,110,146,0.236,0.0,0.0,0,87.53,12.47,0.0,0.0,0.0,easy,0.0034
running,2025-06-09 11:58:08,1934.0,0,6119.52,139,163,3.159,85.0,84.0,0,24.36,64.06,11.39,0.2,0.0,hard,0.0034
running,2025-06-10 06:48:36,3761.0,0,12214.38,140,160,3.301,170.0,176.0,0,10.85,79.33,9.82,0.0,0.0,easy,
running,2025-06-11 05:55:05,2016.0,0,6691.87,144,160,3.378,127.0,127.0,0,5.12,80.25,14.63,0.0,0.0,hard,
running,2025-06-12 06:49:54,1859.0,0,6046.59,144,165,3.31,213.0,211.0,0,4.3,81.18,13.66,0.86,0.0,hard,
cycling,2025-06-13 16:29:24,7542.0,0,46602.91,126,169,6.503,213.0,203.0,0,68.65,25.31,5.16,0.88,0.0,easy,
running,2025-06-14 09:01:26,1951.0,0,6499.92,146,164,3.368,114.0,116.0,0,1.9,72.34,25.51,0.26,0.0,hard,
training,2025-06-14 12:04:08,4154.0,0,0,123,185,0,0,0,0,66.11,14.49,8.21,6.35,4.84,hard,0.0017
cycling,2025-06-14 16:28:23,4009.0,0,32427.98,144,174,8.092,137.0,135.0,0,22.84,42.35,30.32,4.35,0.13,hard,0.0017
running,2025-06-15 07:34:21,4033.0,0,14223.54,144,164,3.558,252.0,248.0,0,46.67,36.46,16.82,0.05,0.0,hard,0.0017
cycling,2025-06-15 15:55:18,4495.0,0,21815.34,97,131,5.028,85.0,92.0,0,99.87,0.13,0.0,0.0,0.0,easy,0.0017
running,2025-06-16 06:06:05,1900.0,0,5810.39,135,149,3.157,112.0,112.0,0,22.56,77.44,0.0,0.0,0.0,easy,0.0029
running,2025-06-16 17:46:37,2495.0,0,7656.23,130,146,3.189,147.0,146.0,0,46.83,53.17,0.0,0.0,0.0,easy,-0.0033
running,2025-06-17 17:25:26,1896.0,0,5248.54,142,172,2.763,44.0,40.0,0,33.44,27.85,34.95,3.76,0.0,hard,-0.005
running,2025-06-17 18:05:47,1894.0,0,6108.23,144,176,3.224,56.0,58.0,0,16.99,47.39,29.97,5.28,0.37,hard,-0.005
running,2025-06-17 18:48:14,150.0,0,390.55,137,143,2.603,4.0,4.0,0,8.84,91.16,0.0,0.0,0.0,easy,-0.0
running,2025-06-18 16:54:56,3457.0,0,11268.84,139,162,3.325,182.0,178.0,0,12.17,82.17,5.66,0.0,0.0,easy,-0.0038
running,2025-06-19 17:27:17,1530.0,0,4578.89,140,165,3.058,22.0,22.0,0,47.82,29.14,21.32,1.72,0.0,hard,-0.0038
running,2025-06-19 18:11:02,1299.0,0,4765.0,150,183,3.711,48.0,48.0,0,15.62,18.62,39.15,19.0,7.62,hard,-0.0038
running,2025-06-19 18:42:35,314.0,0,806.95,134,145,2.557,4.0,4.0,0,10.29,89.71,0.0,0.0,0.0,easy,-0.0015
running,2025-06-20 10:09:38,3203.0,0,9377.04,138,157,2.957,160.0,158.0,0,11.31,84.75,3.94,0.0,0.0,easy,0.0022
training,2025-06-21 12:07:09,3881.0,0,0,104,177,0,0,0,0,88.2,5.1,3.92,2.32,0.46,easy,0.0026
cycling,2025-06-22 03:46:53,14911.0,0,110580.0,138,170,7.461,617.0,630.0,0,23.47,61.01,14.22,1.3,0.0,hard,0.0026
running,2025-06-22 16:15:34,2922.0,0,9263.88,134,147,3.242,126.0,131.0,0,19.8,80.2,0.0,0.0,0.0,easy,0.0003
running,2025-06-24 17:08:35,2030.0,0,6155.44,140,156,3.05,75.0,72.0,0,37.45,45.05,17.5,0.0,0.0,hard,0.0004
running,2025-06-24 18:04:41,556.0,0,1467.93,139,160,2.638,14.0,14.0,0,22.08,67.86,10.05,0.0,0.0,hard,0.0004
running,2025-06-24 18:27:29,844.0,0,2488.56,138,148,3.024,53.0,56.0,0,13.49,86.51,0.0,0.0,0.0,easy,-0.0011
running,2025-06-25 16:30:46,3819.0,0,12778.06,144,161,3.367,176.0,176.0,0,4.47,72.12,23.41,0.0,0.0,hard,-0.0017
running,2025-06-26 10:09:10,1753.0,0,5001.95,142,171,2.85,58.0,54.0,0,14.75,60.85,21.92,2.48,0.0,hard,-0.0017
running,2025-06-26 10:47:18,1477.0,0,5707.89,171,194,3.913,56.0,56.0,0,2.34,9.98,16.27,10.97,60.44,hard,-0.0017
running,2025-06-26 11:21:17,648.0,0,1831.54,138,147,2.818,32.0,30.0,0,5.74,94.26,0.0,0.0,0.0,easy,0.0011
running,2025-06-27 10:12:19,3863.0,0,13178.28,144,159,3.539,168.0,167.0,0,11.08,65.34,23.57,0.0,0.0,hard,0.0018
running,2025-06-28 07:46:36,1990.0,0,6513.81,141,155,3.277,100.0,72.0,0,7.18,84.06,8.76,0.0,0.0,easy,0.0035
training,2025-06-28 12:06:55,4217.0,0,0,112,167,0,0,0,0,81.79,11.38,3.68,3.15,0.0,easy,0.0027
cycling,2025-06-29 06:28:01,14003.0,0,103165.33,134,175,7.433,525.0,523.0,0,45.68,43.41,8.08,2.77,0.06,hard,0.0027
running,2025-06-29 17:55:04,2567.0,0,8288.74,131,144,3.268,150.0,155.0,0,32.72,67.28,0.0,0.0,0.0,easy,-0.0057
running,2025-06-29 18:53:04,125.0,0,243.26,117,140,1.937,4.0,4.0,0,55.2,44.8,0.0,0.0,0.0,easy,0.0016
running,2025-07-01 04:30:38,3501.0,0,11551.33,138,157,3.382,184.0,180.0,0,15.41,79.93,4.65,0.0,0.0,easy,0.0035
running,2025-07-02 05:36:13,1924.0,0,6048.77,135,152,3.358,113.0,116.0,0,19.69,79.79,0.52,0.0,0.0,easy,0.001
running,2025-07-02 16:46:41,3896.0,0,10825.61,125,179,2.87,174.0,171.0,0,64.85,31.13,1.29,1.79,0.94,easy,0.0027
running,2025-07-03 19:25:33,2261.0,0,6027.96,141,159,2.677,40.0,40.0,0,16.21,64.48,19.31,0.0,0.0,hard,0.0028
running,2025-07-03 20:38:47,890.0,0,3461.84,158,172,3.879,12.0,16.0,0,7.72,9.98,21.6,60.7,0.0,hard,0.0028
swimming,2025-07-04 10:41:03,2189.0,0,1700.0,95,125,0.909,0,0,0,100.0,0.0,0.0,0.0,0.0,easy,0.0028
running,2025-07-04 18:30:30,2395.0,0,7735.43,131,149,3.345,126.0,128.0,0,44.32,55.68,0.0,0.0,0.0,easy,0.0031
running,2025-07-05 09:09:00,1848.0,0,6090.01,142,156,3.381,102.0,106.0,0,5.63,83.5,10.88,0.0,0.0,hard,0.003
training,2025-07-05 10:58:46,4021.0,0,0,124,176,0,0,0,0,60.69,20.04,10.77,7.04,1.47,hard,0.003
running,2025-07-06 09:22:40,4436.0,0,15273.86,136,147,3.518,203.0,210.0,0,15.14,84.86,0.0,0.0,0.0,easy,0.0007
running,2025-07-07 10:47:15,2970.0,0,9138.79,133,161,3.141,325.0,326.0,0,30.19,67.03,2.78,0.0,0.0,easy,-0.0009
training,2025-07-07 17:47:32,3755.0,0,0,117,168,0,0,0,0,69.78,18.32,11.58,0.32,0.0,hard,-0.0007
running,2025-07-08 10:15:08,2119.0,0,5959.42,119,142,2.837,212.0,210.0,0,97.45,2.55,0.0,0.0,0.0,easy,0.0015
running,2025-07-08 17:48:33,1875.0,0,5960.49,127,137,3.308,96.0,95.0,0,78.25,21.75,0.0,0.0,0.0,easy,-0.0023
running,2025-07-09 16:21:06,1379.0,0,4182.38,137,156,3.022,68.0,66.0,0,20.01,77.99,2.0,0.0,0.0,easy,-0.0032
running,2025-07-09 16:51:04,1006.0,0,4061.1,173,189,4.093,40.0,40.0,0,1.99,6.45,16.78,15.59,59.19,hard,-0.0025
running,2025-07-09 17:14:29,916.0,0,2723.09,139,148,3.023,50.0,50.0,0,13.85,86.15,0.0,0.0,0.0,easy,-0.0009
running,2025-07-11 10:06:23,1826.0,0,5776.28,137,149,3.207,98.0,96.0,0,18.01,81.99,0.0,0.0,0.0,easy,-0.0031
running,2025-07-11 17:17:34,1303.0,0,3650.54,139,173,2.855,54.0,50.0,0,30.92,52.84,15.13,1.11,0.0,hard,-0.003
running,2025-07-11 17:48:03,1997.0,0,6143.74,160,196,3.134,50.0,50.0,0,14.31,20.37,14.61,10.61,40.09,hard,-0.003
running,2025-07-11 18:24:33,887.0,0,2347.96,133,149,2.713,44.0,45.0,0,21.96,78.04,0.0,0.0,0.0,easy,0.0003
cycling,2025-07-12 07:43:05,13383.0,0,85276.2,124,161,6.406,926.0,772.0,0,68.36,30.23,1.41,0.0,0.0,easy,0.001
running,2025-07-13 07:13:42,3640.0,0,11826.78,137,162,3.246,156.0,158.0,0,17.54,79.67,2.78,0.0,0.0,easy,-0.0002
running,2025-07-14 07:10:03,2947.0,0,8348.54,126,166,2.835,136.0,138.0,0,68.96,25.47,4.65,0.92,0.0,easy,-0.0018
cycling,2025-07-14 10:10:34,8057.0,0,55449.24,122,156,6.922,699.0,654.0,0,71.97,27.53,0.5,0.0,0.0,easy,-0.0019
running,2025-07-15 17:42:36,2791.0,0,8017.34,140,167,2.864,68.0,40.0,0,14.89,77.25,3.07,4.79,0.0,easy,0.0001
running,2025-07-15 19:22:11,622.0,0,1769.06,129,138,2.896,0.0,44.0,0,60.19,39.81,0.0,0.0,0.0,easy,0.0006
running,2025-07-16 17:07:08,2106.0,0,6409.36,134,148,3.044,72.0,74.0,0,13.35,86.65,0.0,0.0,0.0,easy,0.0037
cycling,2025-07-17 12:11:31,6794.0,0,45560.35,137,174,6.733,627.0,593.0,0,33.46,37.39,24.45,4.56,0.13,hard,0.0032
running,2025-07-18 10:10:39,3412.0,0,11568.09,134,157,3.43,116.0,116.0,0,33.3,65.73,0.97,0.0,0.0,easy,
cycling,2025-07-19 09:47:39,9067.0,0,60956.98,142,173,6.756,850.0,870.0,0,50.93,24.44,19.68,4.94,0.0,hard,0.0021
running,2025-07-19 16:29:44,3536.0,0,10847.32,140,166,3.064,224.0,224.0,0,28.52,45.06,25.65,0.77,0.0,hard,0.0021
cycling,2025-07-20 09:46:55,5863.0,0,39097.44,126,161,6.806,437.0,468.0,0,49.0,47.45,3.55,0.0,0.0,easy,0.0021
cycling,2025-07-20 12:49:35,2078.0,0,14956.99,134,156,7.242,103.0,108.0,0,30.43,66.06,3.51,0.0,0.0,easy,0.0021
running,2025-07-21 09:16:48,4010.0,0,13253.3,135,152,3.353,116.0,116.0,0,23.52,75.54,0.94,0.0,0.0,easy,0.003
running,2025-07-21 16:59:16,2250.0,0,7106.26,124,145,3.196,72.0,72.0,0,86.57,13.43,0.0,0.0,0.0,easy,
running,2025-07-23 10:27:31,4550.0,0,16179.23,149,163,3.595,208.0,206.0,0,4.22,34.75,60.89,0.15,0.0,hard,
running,2025-07-24 17:08:56,3290.0,0,8240.35,145,175,2.555,444.0,444.0,0,13.41,46.89,30.73,7.86,1.1,hard,
running,2025-07-26 16:17:46,4048.0,0,10973.24,152,173,2.75,468.0,372.0,0,6.25,31.45,45.49,16.81,0.0,hard,
running,2025-07-26 17:27:49,1687.0,0,4477.61,151,170,2.789,207.0,222.0,0,3.44,32.78,56.66,7.12,0.0,hard,
running,2025-07-27 16:17:35,2321.0,0,8012.99,155,181,3.472,184.0,210.0,0,4.36,18.86,46.98,25.92,3.89,hard,
running,2025-07-28 15:57:46,2546.0,0,5590.22,137,169,2.215,184.0,244.0,0,30.39,43.96,23.94,1.71,0.0,hard,-0.0033
running,2025-07-29 16:24:47,5266.0,0,18515.37,150,183,3.573,254.0,254.0,0,7.55,51.69,19.77,18.28,2.72,hard,-0.0033
running,2025-07-30 16:48:20,2091.0,0,7058.24,143,154,3.378,66.0,64.0,0,13.58,71.15,15.27,0.0,0.0,hard,-0.0033
running,2025-07-30 17:32:28,2056.0,0,8009.4,164,183,3.894,76.0,78.0,0,10.01,12.79,8.26,19.35,49.59,hard,-0.0033
running,2025-07-30 18:14:39,183.0,0,494.96,135,150,2.837,4.0,4.0,0,36.61,62.84,0.55,0.0,0.0,easy,
hiking,2025-07-31 13:34:39,13863.0,0,19283.3,120,160,1.403,505.0,1470.0,0,70.02,24.89,5.09,0.0,0.0,easy,
running,2025-08-01 14:47:59,2144.0,0,6138.82,139,168,2.863,345.0,338.0,0,17.71,61.13,19.46,1.7,0.0,hard,
hiking,2025-08-02 13:01:24,11226.0,0,8988.35,115,159,0.803,819.0,806.0,0,84.49,14.31,1.19,0.0,0.0,easy,0.0007
running,2025-08-03 12:38:15,10261.0,0,20587.13,148,177,2.029,1821.0,969.0,0,10.25,47.04,28.81,13.52,0.38,hard,0.0007
running,2025-08-04 09:55:10,2390.0,0,8505.19,149,166,3.555,453.0,451.0,0,25.01,22.47,39.98,12.54,0.0,hard,0.0007
running,2025-08-05 10:26:00,3958.0,0,13146.4,143,172,3.38,196.0,191.0,0,7.22,79.05,11.48,2.25,0.0,hard,0.0007
running,2025-08-06 11:12:05,2434.0,0,8406.09,142,152,3.501,378.0,379.0,0,9.16,85.17,5.67,0.0,0.0,easy,
running,2025-08-07 10:21:17,3480.0,0,12254.19,143,160,3.602,177.0,177.0,0,5.24,77.72,17.03,0.0,0.0,hard,
training,2025-08-07 18:20:44,2564.0,0,1054.32,114,163,0.411,0.0,0.0,0,77.78,18.91,3.24,0.08,0.0,easy,
cycling,2025-08-08 10:11:05,4914.0,0,38900.32,132,173,7.933,153.0,155.0,0,54.04,34.37,8.26,3.33,0.0,hard,
running,2025-08-08 17:37:50,1009.0,0,3663.58,147,157,3.715,16.0,16.0,0,7.14,36.27,56.59,0.0,0.0,hard,0.0006
running,2025-08-08 18:07:01,2116.0,0,8574.33,142,166,4.05,80.0,80.0,0,13.93,64.01,21.4,0.66,0.0,hard,0.0006
running,2025-08-08 18:46:15,471.0,0,1619.18,139,151,3.429,18.0,12.0,0,11.65,53.27,35.09,0.0,0.0,hard,0.0006
cycling,2025-08-10 07:47:34,11328.0,0,61063.53,99,128,5.544,436.0,555.0,0,100.0,0.0,0.0,0.0,0.0,easy,0.0006
running,2025-08-10 14:57:38,2194.0,0,6523.1,123,139,3.07,102.0,106.0,0,84.77,15.23,0.0,0.0,0.0,easy,
running,2025-08-11 08:36:23,4351.0,0,16375.4,151,165,3.828,226.0,225.0,0,4.32,20.54,73.11,2.03,0.0,hard,
cycling,2025-08-12 17:01:07,6067.0,0,51118.59,143,186,8.472,203.0,209.0,0,28.33,41.25,11.63,13.26,5.53,hard,
cycling,2025-08-16 06:45:01,29154.0,0,169882.66,138,170,5.842,2578.0,2309.0,0,27.84,57.33,13.86,0.97,0.0,hard,
cycling,2025-08-17 05:08:05,22172.0,0,140311.3,136,174,6.367,2840.0,2702.0,0,40.56,41.14,16.3,1.92,0.07,hard,
cycling,2025-08-17 17:02:50,1076.0,0,6366.8,118,139,6.056,79.0,174.0,0,82.36,17.64,0.0,0.0,0.0,easy,
cycling,2025-08-18 05:20:56,10991.0,0,69922.25,121,157,6.367,964.0,1237.0,0,74.91,21.9,3.2,0.0,0.0,easy,
cycling,2025-08-19 14:08:03,6321.0,0,19296.82,105,153,3.225,454.0,454.0,0,93.47,5.68,0.86,0.0,0.0,easy,0.0011
cycling,2025-08-20 15:27:38,3100.0,0,10917.54,104,158,3.675,333.0,334.0,0,84.98,12.66,2.36,0.0,0.0,easy,0.0011
cycling,2025-08-21 08:33:45,7457.0,0,34412.07,114,177,4.689,705.0,704.0,0,78.8,5.32,6.05,9.06,0.77,hard,0.0011
cycling,2025-08-22 06:28:57,6492.0,0,39844.68,135,179,6.136,804.0,839.0,0,34.42,49.71,13.88,1.07,0.92,hard,0.0011
running,2025-08-23 11:10:21,2099.0,0,6701.36,127,144,3.224,123.0,122.0,0,71.04,28.96,0.0,0.0,0.0,easy,0.0017
running,2025-08-24 17:13:38,1907.0,0,6115.01,124,136,3.221,104.0,102.0,0,91.35,8.65,0.0,0.0,0.0,easy,0.0007
running,2025-08-25 10:48:01,2418.0,0,8244.93,137,152,3.434,110.0,115.0,0,9.17,87.82,3.01,0.0,0.0,easy,
running,2025-08-26 11:02:40,1895.0,0,6513.58,142,156,3.448,241.0,243.0,0,6.59,79.91,13.5,0.0,0.0,hard,
running,2025-08-27 10:16:13,3344.0,0,11361.43,146,178,3.412,463.0,456.0,0,13.58,53.2,14.66,11.54,7.02,hard,0.0009
cycling,2025-08-27 17:07:51,3645.0,0,31697.75,138,175,8.742,129.0,132.0,0,41.62,33.28,16.0,8.29,0.81,hard,0.0009
cycling,2025-08-28 10:09:28,4179.0,0,25947.16,100,128,6.389,117.0,112.0,0,100.0,0.0,0.0,0.0,0.0,easy,0.0009
running,2025-08-29 11:33:57,3136.0,0,12088.41,157,176,3.893,163.0,164.0,0,3.98,7.03,60.22,27.83,0.94,hard,0.0009
running,2025-08-30 15:58:01,3487.0,0,12455.36,137,156,3.571,178.0,177.0,0,6.61,91.38,2.0,0.0,0.0,easy,-0.0009
cycling,2025-08-31 06:49:00,15502.0,0,109973.88,137,192,7.214,958.0,983.0,0,41.55,37.39,10.42,5.85,4.79,hard,-0.0012
running,2025-09-01 06:20:43,4169.0,0,15488.3,149,170,3.757,216.0,216.0,0,4.1,52.56,26.23,17.1,0.0,hard,-0.0012
running,2025-09-02 10:21:02,2923.0,0,9664.85,138,156,3.35,387.0,385.0,0,12.86,83.37,3.76,0.0,0.0,easy,-0.0021
running,2025-09-03 16:58:10,1773.0,0,5808.06,145,160,3.284,60.0,60.0,0,12.49,34.5,53.01,0.0,0.0,hard,-0.0019
running,2025-09-03 17:36:58,1627.0,0,6797.03,163,180,4.176,62.0,56.0,0,2.76,11.0,25.61,42.57,18.06,hard,-0.0019
running,2025-09-03 18:07:23,423.0,0,1379.92,139,147,3.258,14.0,16.0,0,15.0,85.0,0.0,0.0,0.0,easy,
cycling,2025-09-04 16:45:27,3729.0,0,26070.81,110,144,7.097,101.0,111.0,0,96.23,3.77,0.0,0.0,0.0,easy,
running,2025-09-05 06:09:24,2474.0,0,9237.95,154,174,3.792,158.0,150.0,0,3.31,32.61,38.71,25.25,0.12,hard,-0.0039
cycling,2025-09-05 18:22:25,2396.0,0,0,96,121,0.0,0.0,0.0,0,100.0,0.0,0.0,0.0,0.0,easy,-0.0039
running,2025-09-06 08:40:01,1545.0,0,4843.33,142,159,3.189,40.0,40.0,0,19.01,59.86,21.13,0.0,0.0,hard,-0.0039
running,2025-09-06 09:23:51,2201.0,0,8603.87,147,182,3.908,84.0,84.0,0,9.82,54.23,27.0,4.23,4.73,hard,-0.0039
running,2025-09-06 10:12:10,379.0,0,1120.46,140,150,2.947,12.0,12.0,0,17.07,77.78,5.15,0.0,0.0,easy,
cycling,2025-09-07 07:35:53,6743.0,0,40319.07,107,157,6.111,181.0,166.0,0,86.67,5.59,7.74,0.0,0.0,easy,0.0003
running,2025-09-08 06:19:23,3310.0,0,12221.57,153,170,3.792,175.0,175.0,0,4.01,35.68,35.48,24.83,0.0,hard,0.0003
training,2025-09-08 17:51:38,3785.0,0,0,84,118,0,0,0,0,100.0,0.0,0.0,0.0,0.0,easy,0.0003
cycling,2025-09-09 17:50:29,4576.0,0,34397.66,119,162,7.547,154.0,157.0,0,84.65,13.81,1.54,0.0,0.0,easy,0.0003
running,2025-09-10 16:57:20,2720.0,0,8880.61,135,147,3.275,138.0,138.0,0,15.68,84.32,0.0,0.0,0.0,easy,
running,2025-09-11 06:20:21,2986.0,0,10186.74,143,158,3.536,148.0,146.0,0,4.49,79.01,16.5,0.0,0.0,hard,-0.002
running,2025-09-12 05:35:00,4161.0,0,14856.35,148,160,3.662,236.0,236.0,0,2.57,49.11,48.32,0.0,0.0,hard,-0.002
running,2025-09-13 08:21:28,2244.0,0,6895.04,143,169,3.077,62.0,62.0,0,22.02,59.63,8.68,9.67,0.0,hard,-0.002
running,2025-09-13 09:08:21,3022.0,0,12941.99,167,188,4.281,108.0,109.0,0,0.9,11.16,29.09,12.83,46.02,hard,-0.002
running,2025-09-13 10:13:06,235.0,0,719.67,140,150,3.051,8.0,8.0,0,19.07,77.97,2.97,0.0,0.0,easy,-0.0019
cycling,2025-09-14 07:49:45,9157.0,0,67008.18,128,173,7.331,599.0,590.0,0,56.58,38.06,4.7,0.66,0.0,easy,-0.0011
running,2025-09-14 18:32:55,1869.0,0,4492.07,112,132,2.453,72.0,72.0,0,99.04,0.96,0.0,0.0,0.0,easy,0.0024
running,2025-09-15 10:24:35,4081.0,0,15388.24,151,170,3.808,194.0,190.0,0,2.11,34.41,57.08,6.41,0.0,hard,0.0029
running,2025-09-17 17:00:34,3807.0,0,14533.38,157,187,3.819,152.0,148.0,0,1.98,36.35,25.66,12.72,23.29,hard,0.0029
running,2025-09-18 15:46:53,2648.0,0,8989.55,138,151,3.497,165.0,165.0,0,13.78,85.64,0.58,0.0,0.0,easy,0.0017
training,2025-09-18 16:46:12,761.0,0,0,91,122,0,0,0,0,100.0,0.0,0.0,0.0,0.0,easy,0.0013
running,2025-09-19 10:05:43,4673.0,0,17619.33,158,186,3.813,238.0,250.0,0,5.28,37.79,22.95,7.72,26.27,hard,0.0013
running,2025-09-20 06:05:26,2794.0,0,9138.36,138,154,3.335,160.0,154.0,0,6.35,91.86,1.79,0.0,0.0,easy,
training,2025-09-20 12:08:43,4070.0,0,0,104,150,0,0,0,0,97.54,2.41,0.05,0.0,0.0,easy,0.0022
running,2025-09-21 08:33:41,4556.0,0,14971.28,143,163,3.347,253.0,224.0,0,5.12,67.3,27.45,0.12,0.0,hard,0.0022
running,2025-09-22 10:09:41,3496.0,0,12893.1,147,170,3.704,166.0,166.0,0,2.82,61.36,24.04,11.78,0.0,hard,0.0022
running,2025-09-24 07:05:18,3828.0,0,13575.42,150,185,3.578,168.0,164.0,0,5.58,39.16,42.78,9.3,3.18,hard,0.0022
running,2025-09-25 10:01:01,3202.0,0,11216.77,140,154,3.593,160.0,160.0,0,6.23,92.55,1.22,0.0,0.0,easy,
training,2025-09-25 17:50:10,4228.0,0,0,101,155,0,0,0,0,88.2,11.02,0.78,0.0,0.0,easy,0.0019
running,2025-09-26 10:16:31,4409.0,0,17320.56,158,180,3.957,630.0,628.0,0,1.66,41.83,10.47,26.17,19.86,hard,0.0019
cycling,2025-09-27 07:09:40,16947.0,0,81338.49,95,139,4.858,423.0,363.0,0,99.82,0.18,0.0,0.0,0.0,easy,0.0019
cycling,2025-09-28 08:00:39,2187.0,0,9627.48,120,144,4.528,25.0,70.0,0,71.44,28.56,0.0,0.0,0.0,easy,0.0019
running,2025-09-28 16:40:17,4458.0,0,15001.13,134,148,3.442,274.0,282.0,0,23.67,76.33,0.0,0.0,0.0,easy,0.0024
running,2025-09-29 05:54:16,4447.0,0,16230.19,149,172,3.692,228.0,228.0,0,7.22,49.98,26.67,16.14,0.0,hard,0.0016
running,2025-09-30 16:09:19,2730.0,0,9010.39,133,151,3.484,146.0,142.0,0,21.34,76.85,1.81,0.0,0.0,easy,
running,2025-10-01 17:01:36,3545.0,0,12704.46,149,192,3.581,146.0,148.0,0,27.01,38.52,16.9,12.25,5.31,hard,-0.0019
training,2025-10-02 16:49:13,4378.0,0,0,113,175,0,0,0,0,81.74,14.12,3.65,0.33,0.15,easy,-0.0019
running,2025-10-03 11:09:53,4071.0,0,15002.9,152,178,3.735,220.0,218.0,0,3.91,42.08,34.14,18.44,1.43,hard,-0.0019
running,2025-10-04 08:30:51,5529.0,0,21163.02,159,187,3.859,198.0,202.0,0,3.15,31.19,25.95,8.23,31.48,hard,-0.0019
running,2025-10-05 09:24:05,3839.0,0,12571.35,141,155,3.309,153.0,146.0,0,4.4,91.0,4.6,0.0,0.0,easy,-0.0009
running,2025-10-06 08:50:58,3272.0,0,11996.43,143,169,3.719,162.0,158.0,0,9.85,61.41,25.19,3.54,0.0,hard,-0.0005
running,2025-10-08 05:42:47,2052.0,0,6569.72,132,144,3.234,116.0,118.0,0,28.11,71.89,0.0,0.0,0.0,easy,-0.0034
running,2025-10-08 16:56:42,2257.0,0,7471.01,139,177,3.355,80.0,82.0,0,25.7,58.97,8.4,5.86,1.07,hard,-0.0035
running,2025-10-08 17:52:38,2608.0,0,11475.63,147,159,4.399,112.0,112.0,0,1.65,60.64,37.71,0.0,0.0,hard,-0.0035
running,2025-10-08 18:40:07,241.0,0,737.19,141,147,3.044,8.0,8.0,0,7.85,92.15,0.0,0.0,0.0,easy,-0.002
running,2025-10-09 06:25:43,1802.0,0,5544.89,133,144,3.074,100.0,104.0,0,29.87,70.13,0.0,0.0,0.0,easy,0.0011
training,2025-10-09 16:46:11,4141.0,0,0,108,160,0,0,0,0,72.35,22.54,5.11,0.0,0.0,easy,0.0016
running,2025-10-10 15:56:31,3581.0,0,12018.05,136,171,3.456,174.0,174.0,0,15.67,78.47,4.83,1.03,0.0,easy,0.0012
running,2025-10-11 08:25:05,5103.0,0,12957.76,142,185,2.551,233.0,204.0,0,30.06,49.64,10.57,6.28,3.46,hard,0.0013
running,2025-10-12 06:52:16,6156.0,0,22753.28,157,186,3.734,531.0,515.0,0,8.63,33.85,10.37,32.34,14.8,hard,0.0013
running,2025-10-13 06:28:27,2727.0,0,8839.05,135,151,3.366,137.0,136.0,0,21.28,77.98,0.74,0.0,0.0,easy,0.0017
training,2025-10-13 17:09:20,1381.0,0,0,68,93,0.0,0.0,0.0,0,100.0,0.0,0.0,0.0,0.0,easy,0.0014
running,2025-10-14 16:06:32,183.0,0,571.33,124,138,3.143,14.0,8.0,0,71.74,28.26,0.0,0.0,0.0,easy,0.0021
training,2025-10-15 07:45:43,2563.0,0,402.91,101,134,0.158,0.0,0.0,0,98.56,1.44,0.0,0.0,0.0,easy,0.0019
running,2025-10-15 16:54:18,2562.0,0,7933.02,140,155,3.13,78.0,76.0,0,15.45,50.73,33.82,0.0,0.0,hard,0.0019
running,2025-10-15 17:48:41,3081.0,0,13098.12,150,178,4.249,128.0,128.0,0,13.03,17.46,59.11,6.31,4.09,hard,0.0019
running,2025-10-16 15:37:48,3624.0,0,12732.36,136,151,3.536,122.0,122.0,0,14.81,84.86,0.32,0.0,0.0,easy,-0.0006
running,2025-10-17 06:20:10,2105.0,0,6775.04,141,166,3.32,72.0,70.0,0,13.49,64.06,18.34,4.11,0.0,hard,-0.0015
running,2025-10-17 10:29:41,1627.0,0,5652.61,136,159,3.553,51.0,40.0,0,61.99,20.95,17.06,0.0,0.0,hard,-0.0015
running,2025-10-18 08:16:05,2581.0,0,9094.36,141,179,3.547,122.0,120.0,0,21.49,55.75,14.61,4.71,3.43,hard,-0.0015
running,2025-10-19 14:06:09,3817.0,0,11303.16,131,168,3.075,135.0,134.0,0,58.64,32.16,7.04,2.17,0.0,easy,-0.0038
running,2025-10-20 15:00:42,177.0,0,427.53,124,145,2.624,7.0,0.0,0,48.31,51.69,0.0,0.0,0.0,easy,
running,2025-10-20 15:04:16,4002.0,0,13335.22,140,172,3.338,108.0,109.0,0,27.61,44.88,13.71,13.8,0.0,hard,
running,2025-10-21 10:35:02,3913.0,0,13512.69,149,185,3.45,104.0,104.0,0,21.74,35.23,9.19,9.95,23.89,hard,
running,2025-10-22 10:17:04,3695.0,0,12138.13,137,165,3.371,160.0,156.0,0,16.83,68.63,11.86,2.69,0.0,hard,-0.0016
running,2025-10-24 10:41:31,2803.0,0,9627.89,146,172,3.456,88.0,85.0,0,8.95,62.45,17.7,10.9,0.0,hard,-0.0016
running,2025-10-25 18:27:51,1458.0,0,3932.98,145,172,2.73,60.0,66.0,0,17.33,44.9,29.27,8.5,0.0,hard,-0.0016
running,2025-10-25 19:14:40,2024.0,0,10139.67,180,194,5.007,146.0,150.0,0,0.0,1.33,9.58,4.44,84.64,hard,-0.0016
running,2025-10-25 19:53:50,332.0,0,1040.32,138,150,3.119,14.0,12.0,0,18.18,77.16,4.66,0.0,0.0,easy,0.0016
running,2025-10-26 14:42:52,4057.0,0,13681.89,134,157,3.452,199.0,198.0,0,21.31,74.98,3.71,0.0,0.0,easy,0.0011
running,2025-10-27 15:51:53,3672.0,0,12161.48,136,164,3.378,215.0,218.0,0,13.87,79.73,6.28,0.13,0.0,easy,-0.0008
training,2025-10-28 09:09:11,3094.0,0,552.45,98,135,0.178,0.0,0.0,0,99.45,0.55,0.0,0.0,0.0,easy,-0.0006
training,2025-10-28 18:06:34,3971.0,0,0,105,147,0,0,0,0,88.39,11.61,0.0,0.0,0.0,easy,-0.0006
running,2025-10-29 11:19:09,1518.0,0,4605.8,134,152,3.077,78.0,66.0,0,25.86,71.6,2.54,0.0,0.0,easy,0.0019
running,2025-10-29 11:49:36,2679.0,0,10734.59,165,184,4.005,112.0,112.0,0,3.06,8.54,13.81,56.6,17.99,hard,0.002
running,2025-10-29 12:42:53,1220.0,0,3869.18,143,163,3.244,68.0,80.0,0,13.07,59.36,26.85,0.72,0.0,hard,0.002
running,2025-10-30 15:55:27,1852.0,0,6271.72,135,159,3.438,107.0,107.0,0,26.9,63.65,9.44,0.0,0.0,easy,
running,2025-10-31 11:30:01,4018.0,0,15674.96,155,181,3.919,216.0,216.0,0,6.39,31.39,31.12,15.69,15.41,hard,
running,2025-11-01 11:10:14,5740.0,0,19177.69,149,187,3.395,319.0,303.0,0,9.6,38.29,39.58,3.63,8.9,hard,
running,2025-11-02 09:10:20,4262.0,0,16247.75,155,175,3.846,202.0,184.0,0,3.62,25.62,40.52,29.31,0.93,hard,
running,2025-11-03 15:56:15,3867.0,0,14515.92,146,173,3.798,194.0,196.0,0,7.93,59.93,14.31,17.82,0.0,hard,-0.0001
running,2025-11-05 17:53:20,2107.0,0,6564.69,137,172,3.116,53.0,53.0,0,24.81,65.0,5.75,4.44,0.0,hard,-0.0001
running,2025-11-05 18:40:56,2543.0,0,10006.14,149,181,3.933,90.0,90.0,0,5.82,41.63,41.08,9.71,1.77,hard,-0.0001
running,2025-11-05 19:30:51,405.0,0,1319.98,144,157,3.252,12.0,12.0,0,7.88,61.33,30.79,0.0,0.0,hard,-0.0001
running,2025-11-06 11:28:18,3030.0,0,10188.85,140,157,3.385,164.0,161.0,0,7.2,87.83,4.97,0.0,0.0,easy,0.0014
running,2025-11-06 13:26:07,464.0,0,1562.87,131,144,3.364,22.0,26.0,0,15.09,84.91,0.0,0.0,0.0,easy,
training,2025-11-06 17:54:23,4537.0,0,0,105,160,0,0,0,0,87.2,9.91,2.89,0.0,0.0,easy,
running,2025-11-07 11:34:35,3777.0,0,14523.66,153,180,3.908,211.0,204.0,0,4.02,50.06,18.5,23.06,4.36,hard,
running,2025-11-08 09:31:05,4402.0,0,15111.31,143,182,3.471,228.0,211.0,0,31.12,43.64,6.35,11.32,7.57,hard,-0.0016
running,2025-11-09 07:39:51,4382.0,0,16975.23,152,172,3.953,261.0,258.0,0,7.39,41.23,9.68,41.7,0.0,hard,-0.0016
running,2025-11-11 14:44:00,1271.0,0,4217.63,140,157,3.315,71.0,58.0,0,10.89,79.08,10.03,0.0,0.0,hard,-0.0016
running,2025-11-11 15:11:14,2321.0,0,8669.2,160,182,3.733,78.0,78.0,0,9.73,15.42,15.85,32.3,26.7,hard,-0.0016
running,2025-11-11 15:55:06,1278.0,0,3956.44,134,147,3.088,66.0,79.0,0,19.12,80.88,0.0,0.0,0.0,easy,0.001
running,2025-11-12 16:57:34,2596.0,0,8366.07,132,161,3.382,134.0,134.0,0,42.72,55.19,2.1,0.0,0.0,easy,-0.0001
running,2025-11-13 11:40:21,3900.0,0,14768.76,154,176,3.831,249.0,253.0,0,2.59,46.87,16.17,28.64,5.73,hard,-0.0006
training,2025-11-13 17:53:54,4107.0,0,0,117,167,0,0,0,0,61.71,16.68,17.39,4.22,0.0,hard,-0.0006
running,2025-11-14 16:36:24,1810.0,0,5676.04,130,145,3.146,33.0,14.0,0,55.33,44.67,0.0,0.0,0.0,easy,
running,2025-11-15 11:14:52,4234.0,0,15585.3,145,181,3.677,226.0,218.0,0,17.47,46.16,14.87,11.2,10.31,hard,
running,2025-11-16 16:09:40,4068.0,0,14500.31,144,170,3.567,144.0,142.0,0,2.46,76.19,17.42,3.93,0.0,hard,
running,2025-11-17 11:50:41,2860.0,0,10232.76,148,175,3.615,114.0,114.0,0,5.24,58.08,26.08,8.11,2.48,hard,
running,2025-11-18 17:20:36,1110.0,0,3354.99,136,165,3.098,53.0,49.0,0,34.77,52.49,11.67,1.07,0.0,hard,
running,2025-11-18 17:43:14,2059.0,0,8555.28,163,175,4.176,80.0,80.0,0,1.41,11.46,17.48,63.2,6.46,hard,
running,2025-11-18 18:22:02,202.0,0,636.41,140,158,3.138,8.0,2.0,0,14.78,58.62,26.6,0.0,0.0,hard,
running,2025-11-19 11:28:35,3882.0,0,14536.63,152,174,3.805,216.0,215.0,0,6.13,32.35,41.08,20.21,0.23,hard,
running,2025-11-20 09:34:30,3906.0,0,14859.33,150,169,3.878,208.0,210.0,0,6.38,41.34,43.22,9.06,0.0,hard,-0.0003
training,2025-11-20 17:50:14,5304.0,0,0,111,168,0,0,0,0,78.03,16.17,4.43,1.36,0.0,easy,-0.0003
running,2025-11-22 09:12:27,5039.0,0,16309.59,152,183,3.24,251.0,242.0,0,20.15,35.0,25.54,13.26,6.05,hard,-0.0003
running,2025-11-23 09:17:39,4957.0,0,18813.27,153,174,3.871,220.0,222.0,0,2.26,27.63,53.12,16.84,0.15,hard,-0.0003
running,2025-11-24 15:56:46,1980.0,0,6303.16,133,146,3.224,171.0,173.0,0,27.53,72.47,0.0,0.0,0.0,easy,-0.0008
running,2025-11-25 18:02:29,4035.0,0,15939.11,154,183,3.959,197.0,196.0,0,23.19,29.88,3.87,17.88,25.18,hard,-0.0008
running,2025-11-27 07:16:57,3627.0,0,13292.32,151,170,3.726,180.0,178.0,0,5.86,40.03,28.97,25.14,0.0,hard,-0.0008
training,2025-11-27 17:56:58,4816.0,0,0,113,166,0,0,0,0,81.54,13.02,5.07,0.37,0.0,easy,-0.0008
running,2025-11-28 16:57:07,3608.0,0,11410.85,139,162,3.297,179.0,174.0,0,8.31,88.16,3.52,0.0,0.0,easy,
running,2025-11-29 09:30:40,5092.0,0,19636.54,155,184,3.853,224.0,212.0,0,16.66,31.85,19.15,10.55,21.78,hard,
running,2025-11-30 09:16:58,4898.0,0,18536.6,147,164,3.804,243.0,238.0,0,4.29,57.84,37.49,0.39,0.0,hard,-0.0001
running,2025-12-01 10:12:08,2949.0,0,9907.41,143,167,3.378,163.0,161.0,0,15.09,50.22,31.56,3.12,0.0,hard,-0.0001
generic,2025-12-01 17:12:32,5235.0,0,0,75,103,0.0,0.0,0.0,0,100.0,0.0,0.0,0.0,0.0,easy,-0.0001
running,2025-12-02 17:53:14,4087.0,0,11934.55,140,185,2.916,162.0,158.0,0,31.02,42.26,5.89,14.67,6.17,hard,-0.0001
running,2025-12-03 10:43:19,2162.0,0,6666.83,134,148,3.231,95.0,109.0,0,22.87,77.13,0.0,0.0,0.0,easy,
running,2025-12-04 14:44:56,5837.0,0,20215.4,141,158,3.509,290.0,288.0,0,5.61,83.46,10.94,0.0,0.0,hard,-0.0066
running,2025-12-06 08:46:22,3201.0,0,9522.28,143,164,3.05,361.0,359.0,0,22.1,57.26,20.28,0.36,0.0,hard,-0.0066
running,2025-12-07 06:56:54,2136.0,0,5044.02,146,175,2.413,63.0,59.0,0,12.76,38.08,21.67,26.89,0.6,hard,-0.0066
running,2025-12-07 08:00:10,1964.0,0,10092.29,179,187,5.134,220.0,218.0,0,0.97,2.34,3.56,2.54,90.59,hard,-0.0066
running,2025-12-07 08:40:19,226.0,0,544.96,135,145,2.395,12.0,14.0,0,52.19,47.81,0.0,0.0,0.0,easy,0.0004
running,2025-12-07 17:02:55,1398.0,0,4106.92,125,153,3.097,74.0,80.0,0,64.58,33.54,1.87,0.0,0.0,easy,0.0029
running,2025-12-08 07:33:57,3358.0,0,10898.41,141,159,3.365,154.0,149.0,0,9.35,76.14,14.51,0.0,0.0,hard,0.0028
running,2025-12-09 17:44:22,4866.0,0,16293.87,146,191,3.38,201.0,200.0,0,35.89,35.41,17.11,4.25,7.34,hard,0.0028
running,2025-12-10 16:42:56,3012.0,0,9951.02,135,149,3.47,141.0,143.0,0,12.71,87.29,0.0,0.0,0.0,easy,0.0025
running,2025-12-11 08:33:05,4137.0,0,15729.38,154,173,3.854,228.0,224.0,0,2.66,24.06,47.66,25.62,0.0,hard,0.0022
training,2025-12-11 17:50:00,4585.0,0,0,111,156,0,0,0,0,74.33,20.93,4.74,0.0,0.0,easy,0.0022
running,2025-12-12 11:41:34,4054.0,0,14265.66,139,157,3.537,199.0,206.0,0,6.1,85.8,8.1,0.0,0.0,easy,0.0
running,2025-12-13 09:48:19,5019.0,0,17923.63,152,183,3.595,289.0,292.0,0,9.43,36.12,39.35,3.59,11.51,hard,-0.0003
running,2025-12-15 11:03:49,1001.0,0,3198.43,140,157,3.255,57.0,50.0,0,25.32,66.04,8.64,0.0,0.0,easy,-0.0048
running,2025-12-16 14:11:51,2144.0,0,6958.23,135,164,3.282,141.0,112.0,0,23.56,57.85,17.3,1.29,0.0,hard,-0.0047
running,2025-12-16 14:59:01,2604.0,0,11030.59,165,186,4.251,112.0,110.0,0,11.18,5.69,3.67,30.0,49.47,hard,-0.0047
running,2025-12-16 15:54:20,787.0,0,1702.34,123,141,2.301,22.0,58.0,0,68.23,31.77,0.0,0.0,0.0,easy,0.0008
running,2025-12-17 10:29:55,3571.0,0,12559.31,141,164,3.536,260.0,262.0,0,7.3,82.01,10.19,0.5,0.0,hard,0.0006
cycling,2025-12-17 13:28:10,5394.0,0,33453.14,135,168,6.231,659.0,670.0,0,32.47,43.78,21.31,2.44,0.0,hard,0.0006
running,2025-12-18 11:04:50,4485.0,0,16500.06,143,168,3.726,282.0,284.0,0,16.74,47.23,31.49,4.54,0.0,hard,0.0006
running,2025-12-18 17:22:05,2455.0,0,7248.52,127,157,3.067,247.0,248.0,0,66.92,30.74,2.34,0.0,0.0,easy,-0.0011
running,2025-12-19 11:00:29,9328.0,0,16899.63,136,179,1.844,1250.0,891.0,0,29.57,55.82,11.3,1.84,1.46,hard,-0.0009
running,2025-12-20 08:36:51,4021.0,0,16196.11,157,180,4.04,471.0,493.0,0,11.05,26.62,15.09,23.21,24.03,hard,-0.0009
running,2025-12-22 10:40:48,3603.0,0,10998.3,137,161,3.086,291.0,288.0,0,20.54,72.83,6.63,0.0,0.0,easy,0.0022
running,2025-12-23 11:20:46,805.0,0,2538.68,123,151,3.15,24.0,70.0,0,86.41,12.89,0.7,0.0,0.0,easy,0.0035
running,2025-12-23 11:42:49,1181.0,0,4177.54,134,159,3.529,34.0,72.0,0,24.45,68.62,6.92,0.0,0.0,easy,
running,2025-12-23 12:09:23,2253.0,0,9410.33,152,180,4.235,50.0,52.0,0,1.15,40.15,47.03,7.68,3.99,hard,-0.0001
running,2025-12-23 12:47:25,501.0,0,1365.1,149,161,2.725,44.0,4.0,0,13.57,10.58,75.85,0.0,0.0,hard,-0.0001
running,2025-12-24 11:26:07,4998.0,0,14002.02,137,170,2.834,324.0,360.0,0,22.98,59.39,15.21,2.42,0.0,hard,-0.0001
running,2025-12-26 08:53:24,3966.0,0,15007.7,151,172,3.79,160.0,166.0,0,2.59,44.71,37.26,15.44,0.0,hard,-0.0001
running,2025-12-26 16:47:26,2093.0,0,6167.92,127,158,2.964,52.0,54.0,0,53.68,42.32,4.0,0.0,0.0,easy,0.0005
running,2025-12-27 15:37:02,2528.0,0,8015.73,133,147,3.19,70.0,76.0,0,33.97,66.03,0.0,0.0,0.0,easy,0.0013
running,2025-12-27 16:27:50,3197.0,0,12095.7,150,172,3.784,78.0,78.0,0,5.05,38.56,38.47,17.92,0.0,hard,0.0013
running,2025-12-28 17:24:12,1809.0,0,6233.74,134,151,3.442,64.0,66.0,0,24.13,75.29,0.58,0.0,0.0,easy,0.0001
running,2025-12-29 14:34:57,3031.0,0,10606.2,143,160,3.496,110.0,110.0,0,2.8,89.21,7.98,0.0,0.0,easy,-0.0037
running,2025-12-30 11:26:37,2047.0,0,5809.83,133,161,2.836,64.0,67.0,0,38.49,53.15,8.36,0.0,0.0,easy,-0.0016
running,2025-12-30 12:08:22,3046.0,0,11025.79,140,184,3.619,60.0,62.0,0,30.42,46.7,11.26,5.15,6.47,hard,-0.0006
running,2025-12-30 13:27:08,1551.0,0,4971.83,139,149,3.22,54.0,60.0,0,7.5,92.5,0.0,0.0,0.0,easy,0.0024
running,2025-12-31 10:54:08,4535.0,0,16194.47,137,151,3.583,176.0,174.0,0,5.12,93.85,1.03,0.0,0.0,easy,0.0023
running,2026-01-01 16:50:47,2986.0,0,10166.5,132,151,3.429,114.0,112.0,0,34.55,64.86,0.58,0.0,0.0,easy,-0.0002
running,2026-01-03 11:01:10,4020.0,0,15593.78,161,185,3.877,162.0,164.0,0,2.06,20.58,33.33,17.66,26.37,hard,-0.0002
running,2026-01-04 11:39:03,4364.0,0,16552.67,152,173,3.79,196.0,198.0,0,2.1,37.03,50.32,10.54,0.0,hard,-0.0002
running,2026-01-05 10:22:04,3160.0,0,10531.91,140,152,3.356,100.0,101.0,0,4.27,94.25,1.48,0.0,0.0,easy,-0.0011
running,2026-01-05 14:43:32,4633.0,0,12233.76,114,153,2.64,138.0,136.0,0,79.92,19.04,1.05,0.0,0.0,easy,-0.0045
running,2026-01-06 09:52:46,3461.0,0,8629.86,127,168,2.496,112.0,118.0,0,65.18,32.69,1.8,0.33,0.0,easy,-0.0032
running,2026-01-07 09:40:00,2475.0,0,7327.75,139,155,2.957,64.0,66.0,0,12.58,79.81,7.6,0.0,0.0,easy,0.0004
running,2026-01-08 10:54:42,5655.0,0,16875.07,140,173,3.047,248.0,251.0,0,22.09,57.12,19.9,0.9,0.0,hard,0.0014
running,2026-01-09 11:15:46,977.0,0,3104.14,131,145,3.172,61.0,61.0,0,65.4,34.6,0.0,0.0,0.0,easy,-0.0108
running,2026-01-09 12:07:03,2767.0,0,8281.65,168,185,2.992,0.0,0.0,0,0.94,9.28,16.69,31.47,41.62,hard,-0.0104
running,2026-01-09 12:59:10,164.0,0,240.14,120,144,1.446,0.0,7.0,0,28.69,71.31,0.0,0.0,0.0,easy,0.001
running,2026-01-11 17:49:46,1818.0,0,5521.01,131,159,3.067,82.0,83.0,0,57.04,35.47,7.49,0.0,0.0,easy,0.0044
running,2026-01-12 11:26:39,1570.0,0,5054.64,134,148,3.285,138.0,114.0,0,24.09,75.91,0.0,0.0,0.0,easy,0.0068
running,2026-01-12 12:52:35,1748.0,0,5799.06,131,148,3.521,112.0,108.0,0,32.85,67.15,0.0,0.0,0.0,easy,0.0038
running,2026-01-13 18:01:34,1799.0,0,6040.95,136,155,3.386,74.0,64.0,0,15.53,82.82,1.65,0.0,0.0,easy,-0.0018
running,2026-01-13 18:49:00,2410.0,0,9515.71,146,176,3.947,149.0,148.0,0,12.98,42.02,38.57,6.22,0.21,hard,-0.002
running,2026-01-13 19:40:38,232.0,0,593.94,138,146,2.814,4.0,6.0,0,20.6,79.4,0.0,0.0,0.0,easy,0.0005
running,2026-01-14 18:34:34,2692.0,0,8376.95,133,160,3.191,143.0,140.0,0,31.46,55.89,12.65,0.0,0.0,hard,-0.0012
running,2026-01-15 11:30:17,3300.0,0,10488.6,144,163,3.276,431.0,431.0,0,5.57,72.77,21.08,0.58,0.0,hard,-0.0012
training,2026-01-15 17:50:17,4322.0,0,0,103,155,0,0,0,0,91.63,7.26,1.11,0.0,0.0,easy,-0.0012
running,2026-01-16 13:25:47,1269.0,0,3893.48,134,171,3.064,77.0,79.0,0,84.26,13.31,1.57,0.86,0.0,easy,0.0009
running,2026-01-16 17:59:38,1674.0,0,5469.98,132,146,3.284,88.0,82.0,0,40.01,59.99,0.0,0.0,0.0,easy,
running,2026-01-17 09:41:46,1972.0,0,5908.99,142,158,2.994,56.0,56.0,0,9.15,79.34,11.51,0.0,0.0,hard,
running,2026-01-17 10:32:09,2543.0,0,12008.58,171,182,4.721,120.0,120.0,0,0.94,0.67,2.44,59.79,36.16,hard,
running,2026-01-17 11:17:56,371.0,0,1328.37,147,168,3.566,12.0,12.0,0,5.99,54.22,22.07,17.71,0.0,hard,
running,2026-01-18 09:44:26,573.0,0,1803.37,143,171,3.143,54.0,0.0,0,5.75,65.16,23.87,5.23,0.0,hard,
running,2026-01-19 07:15:00,1907.0,0,6213.78,146,168,3.266,90.0,86.0,0,12.59,53.69,30.79,2.93,0.0,hard,-0.0045
running,2026-01-20 12:29:59,456.0,0,1434.12,146,169,3.389,22.0,24.0,0,18.5,16.52,53.96,11.01,0.0,hard,-0.0045
running,2026-01-20 18:00:15,2048.0,0,6303.41,137,184,3.1,86.0,87.0,0,37.56,38.17,6.87,12.93,4.47,hard,-0.0045
running,2026-01-20 18:51:41,1818.0,0,7215.83,161,180,3.968,72.0,70.0,0,9.13,13.3,10.56,43.27,23.75,hard,-0.0045
running,2026-01-21 17:42:17,1830.0,0,4913.15,138,155,2.684,0.0,0.0,0,8.47,88.42,3.11,0.0,0.0,easy,-0.0003
running,2026-01-22 09:58:34,3255.0,0,10730.35,140,165,3.321,176.0,173.0,0,14.69,79.7,5.45,0.17,0.0,easy,
running,2026-01-23 11:16:46,4734.0,0,19194.84,163,184,4.106,216.0,216.0,0,2.86,13.76,28.35,27.75,27.27,hard,
running,2026-01-24 11:04:54,2414.0,0,8079.24,149,170,3.424,265.0,261.0,0,2.53,47.62,38.76,11.1,0.0,hard,0.0021
training,2026-01-24 12:10:09,4037.0,0,0,109,175,0,0,0,0,91.18,4.51,3.02,0.89,0.4,easy,0.0021
running,2026-01-25 10:07:32,5308.0,0,20318.0,163,180,3.912,294.0,295.0,0,1.45,12.43,28.65,36.03,21.43,hard,0.0021
running,2026-01-25 11:38:54,394.0,0,1272.9,140,166,3.208,22.0,22.0,0,20.23,35.89,41.6,2.28,0.0,hard,0.0021
running,2026-01-26 18:33:09,3089.0,0,10411.56,139,158,3.389,146.0,140.0,0,2.44,95.0,2.56,0.0,0.0,easy,-0.0033
running,2026-01-27 17:44:05,2664.0,0,7570.14,141,173,2.837,91.0,83.0,0,40.05,32.55,16.57,10.83,0.0,hard,-0.0041
running,2026-01-27 18:47:48,2490.0,0,9258.13,159,184,3.716,126.0,126.0,0,12.16,16.86,11.76,27.54,31.67,hard,-0.0041
running,2026-01-27 19:45:27,258.0,0,601.65,123,142,2.33,4.0,6.0,0,58.3,41.7,0.0,0.0,0.0,easy,0.0005
generic,2026-01-28 12:16:26,1294.0,0,0,78,100,0.0,0.0,0.0,0,100.0,0.0,0.0,0.0,0.0,easy,0.0012
running,2026-01-29 07:08:34,3511.0,0,11500.14,140,163,3.293,177.0,180.0,0,42.58,49.53,7.58,0.3,0.0,easy,0.0016
running,2026-01-30 11:07:16,3772.0,0,12666.72,141,152,3.371,253.0,234.0,0,5.81,92.85,1.34,0.0,0.0,easy,-0.0005
running,2026-01-31 09:47:47,1972.0,0,5935.0,147,174,3.122,77.0,70.0,0,16.36,31.72,40.55,9.97,1.4,hard,-0.0014
running,2026-01-31 10:37:17,3160.0,0,13047.59,147,184,4.127,124.0,124.0,0,9.84,58.68,22.21,3.51,5.76,hard,-0.0014
running,2026-01-31 11:43:27,783.0,0,2370.27,143,151,3.072,24.0,28.0,0,4.34,92.35,3.32,0.0,0.0,easy,-0.0031
running,2026-02-01 09:22:34,4866.0,0,17524.53,153,174,3.602,190.0,196.0,0,4.48,29.17,54.36,11.9,0.09,hard,-0.0027
running,2026-02-02 15:29:44,1104.0,0,2843.22,132,148,2.608,0.0,0.0,0,20.17,79.83,0.0,0.0,0.0,easy,0.0025
running,2026-02-02 15:57:33,1810.0,0,5655.52,129,149,3.224,202.0,206.0,0,57.98,42.02,0.0,0.0,0.0,easy,0.0021
running,2026-02-03 17:44:43,2638.0,0,8235.97,133,151,3.142,99.0,90.0,0,36.04,63.81,0.15,0.0,0.0,easy,0.0063
running,2026-02-03 18:55:08,1706.0,0,6343.69,158,188,3.717,88.0,90.0,0,8.09,15.94,35.87,20.75,19.34,hard,0.0063
running,2026-02-03 19:38:48,1805.0,0,6035.55,115,148,3.343,64.0,74.0,0,75.22,24.78,0.0,0.0,0.0,easy,
running,2026-02-05 06:32:24,1775.0,0,5661.06,139,171,3.205,96.0,88.0,0,4.17,84.52,8.39,2.93,0.0,hard,-0.0018
running,2026-02-06 15:58:39,2583.0,0,9038.26,150,179,3.526,227.0,221.0,0,1.82,54.28,35.08,7.01,1.82,hard,-0.0018
running,2026-02-07 09:54:53,1625.0,0,5836.42,155,176,3.671,76.0,70.0,0,3.28,27.8,37.41,26.73,4.77,hard,-0.0018
running,2026-02-07 10:33:58,2176.0,0,9763.17,156,176,4.482,78.0,78.0,0,0.98,24.12,48.86,20.31,5.73,hard,-0.0018
running,2026-02-07 11:25:50,1019.0,0,3177.21,144,153,3.172,28.0,30.0,0,3.14,91.06,5.8,0.0,0.0,easy,-0.0041
running,2026-02-08 09:14:45,5378.0,0,19052.2,151,173,3.62,236.0,224.0,0,4.87,43.26,41.12,10.75,0.0,hard,-0.0042
running,2026-02-08 11:38:42,173.0,0,406.36,126,133,2.479,2.0,6.0,0,95.8,4.2,0.0,0.0,0.0,easy,-0.0034
running,2026-02-09 16:24:11,3059.0,0,9733.19,139,173,3.262,138.0,146.0,0,15.53,74.28,9.63,0.56,0.0,hard,-0.0033
running,2026-02-11 12:06:38,3233.0,0,10695.73,152,182,3.351,400.0,404.0,0,9.19,31.53,25.84,14.52,18.93,hard,-0.0033
running,2026-02-12 16:42:47,300.0,0,716.31,115,134,2.362,10.0,14.0,0,89.54,10.46,0.0,0.0,0.0,easy,-0.0036
running,2026-02-14 08:36:19,3389.0,0,10851.19,149,182,3.284,248.0,271.0,0,6.52,49.93,30.04,10.87,2.64,hard,-0.0027
running,2026-02-15 06:42:41,1698.0,0,4639.42,137,168,2.782,59.0,106.0,0,30.92,63.1,2.7,3.29,0.0,easy,-0.0013
running,2026-02-15 07:30:17,4291.0,0,21280.42,181,189,4.958,478.0,475.0,0,0.28,0.35,0.16,0.56,98.65,hard,-0.0007
running,2026-02-15 09:13:15,519.0,0,1429.35,134,150,2.903,28.0,28.0,0,27.8,70.46,1.74,0.0,0.0,easy,-0.0034
running,2026-02-15 09:56:36,948.0,0,2015.27,112,159,2.123,42.0,30.0,0,82.4,9.8,7.8,0.0,0.0,easy,0.002
running,2026-02-17 11:18:44,2368.0,0,8019.57,146,167,3.434,119.0,118.0,0,5.8,53.15,39.7,1.35,0.0,hard,0.0026
running,2026-02-18 16:25:33,2466.0,0,7436.1,135,164,3.086,124.0,124.0,0,20.82,69.65,8.75,0.78,0.0,easy,
running,2026-02-19 10:52:49,1830.0,0,4852.38,153,164,2.65,0.0,0.0,0,2.29,12.73,83.4,1.58,0.0,hard,
running,2026-02-19 18:17:34,2048.0,0,6786.99,143,166,3.343,119.0,118.0,0,7.67,73.3,17.35,1.68,0.0,hard,
running,2026-02-20 10:01:41,1968.0,0,6828.61,155,182,3.588,138.0,138.0,0,2.85,40.5,26.18,16.29,14.17,hard,
running,2026-02-21 11:38:27,2489.0,0,8223.33,144,168,3.348,77.0,80.0,0,9.55,67.67,17.82,4.96,0.0,hard,0.0037
running,2026-02-22 06:58:29,1635.0,0,4408.41,147,179,2.764,70.0,63.0,0,6.25,28.8,61.06,3.08,0.81,hard,0.0037
running,2026-02-22 07:44:59,982.0,0,5092.37,170,194,5.179,72.0,78.0,0,0.0,6.1,20.85,35.5,37.54,hard,0.0037
running,2026-02-22 08:02:27,3273.0,0,11586.49,151,169,3.562,108.0,104.0,0,4.8,39.79,49.83,5.58,0.0,hard,0.0037
running,2026-02-23 11:40:00,2268.0,0,6998.12,127,149,3.124,98.0,102.0,0,75.08,24.92,0.0,0.0,0.0,easy,0.0024
running,2026-02-24 17:01:58,3840.0,0,13483.45,144,169,3.567,188.0,187.0,0,13.95,51.48,29.33,5.23,0.0,hard,0.0016
running,2026-02-26 11:23:15,2982.0,0,9463.59,140,159,3.254,374.0,371.0,0,7.95,89.41,2.64,0.0,0.0,easy,
training,2026-02-26 17:52:05,4849.0,0,0,105,156,0,0,0,0,92.14,7.36,0.49,0.0,0.0,easy,
running,2026-02-28 07:35:26,3253.0,0,11113.63,153,184,3.446,126.0,126.0,0,2.99,51.47,13.61,15.56,16.37,hard,0.003
running,2026-03-01 07:20:45,3868.0,0,13391.42,152,176,3.5,166.0,168.0,0,5.34,28.79,41.52,23.18,1.17,hard,0.003
running,2026-03-02 15:46:39,2656.0,0,10082.34,153,170,3.84,163.0,166.0,0,1.69,28.3,55.51,14.49,0.0,hard,0.003
running,2026-03-04 14:31:05,2884.0,0,9610.58,145,165,3.372,388.0,387.0,0,2.57,70.79,26.19,0.45,0.0,hard,0.003
running,2026-03-05 15:08:21,3896.0,0,13415.43,136,148,3.44,138.0,140.0,0,7.09,92.91,0.0,0.0,0.0,easy,
running,2026-03-06 17:11:07,3324.0,0,9618.43,141,175,2.997,262.0,289.0,0,12.24,65.44,18.03,4.15,0.14,hard,
running,2026-03-09 16:20:26,3618.0,0,10064.7,137,164,2.832,240.0,282.0,0,42.88,43.13,12.99,1.0,0.0,hard,
running,2026-03-10 10:51:10,3486.0,0,12406.29,150,180,3.587,136.0,138.0,0,4.71,47.35,19.11,23.62,5.22,hard,
running,2026-03-11 16:20:50,3667.0,0,12674.59,148,177,3.487,166.0,150.0,0,7.86,45.94,34.42,11.6,0.18,hard,
running,2026-03-12 14:31:27,2928.0,0,8674.69,138,161,3.03,188.0,197.0,0,21.75,61.43,16.82,0.0,0.0,hard,
running,2026-03-14 09:40:56,4101.0,0,13878.01,152,174,3.44,180.0,163.0,0,4.1,32.68,47.16,15.18,0.87,hard,
running,2026-03-15 15:56:35,2463.0,0,7714.71,144,175,3.22,118.0,88.0,0,12.25,56.11,26.8,4.45,0.4,hard,
running,2026-03-16 07:45:39,1853.0,0,6491.29,149,168,3.558,117.0,116.0,0,5.78,43.75,47.58,2.89,0.0,hard,
running,2026-03-16 17:57:34,1863.0,0,6372.15,148,165,3.459,114.0,120.0,0,3.5,49.49,45.64,1.37,0.0,hard,
running,2026-03-17 17:35:29,4608.0,0,17016.05,153,181,3.708,178.0,170.0,0,6.05,36.98,17.68,34.9,4.39,hard,
running,2026-03-18 11:21:09,3130.0,0,10738.16,146,170,3.456,88.0,92.0,0,7.12,61.22,19.89,11.77,0.0,hard,
running,2026-03-19 10:49:45,3220.0,0,12365.71,159,180,3.926,168.0,174.0,0,2.74,19.09,26.11,47.45,4.61,hard,
training,2026-03-19 18:02:39,4028.0,0,0,111,164,0,0,0,0,84.07,11.84,3.77,0.32,0.0,easy,0.0004
cycling,2026-03-20 17:10:56,2746.0,0,19925.86,117,145,7.256,89.0,97.0,0,95.66,4.34,0.0,0.0,0.0,easy,0.0004
running,2026-03-21 09:43:16,3499.0,0,9868.6,147,185,2.823,86.0,86.0,0,8.64,44.75,29.68,4.62,12.31,hard,0.0004
running,2026-03-22 07:58:50,4022.0,0,15839.29,157,179,3.932,188.0,181.0,0,5.34,25.76,33.95,22.77,12.17,hard,0.0004
running,2026-03-23 11:09:20,1924.0,0,6005.16,134,153,3.139,94.0,95.0,0,19.61,78.63,1.76,0.0,0.0,easy,0.0002
running,2026-03-24 06:30:46,3128.0,0,9347.12,144,176,3.042,64.0,63.0,0,7.32,66.68,19.4,5.96,0.63,hard,-0.0007
running,2026-03-26 16:25:47,1649.0,0,4972.83,133,150,3.081,68.0,70.0,0,34.09,65.86,0.06,0.0,0.0,easy,-0.002
running,2026-03-26 17:01:52,1689.0,0,6079.48,151,194,3.596,66.0,64.0,0,24.83,29.32,12.16,9.32,24.38,hard,-0.0021
running,2026-03-26 17:37:44,959.0,0,2755.72,134,150,2.931,45.0,54.0,0,30.31,69.59,0.09,0.0,0.0,easy,-0.0033
running,2026-03-27 15:43:14,2515.0,0,8245.32,144,179,3.306,84.0,81.0,0,11.15,62.51,11.65,9.63,5.07,hard,-0.0028
running,2026-03-28 12:17:17,1639.0,0,4442.17,136,153,2.808,67.0,58.0,0,23.16,73.95,2.88,0.0,0.0,easy,-0.0038
running,2026-03-28 13:00:02,2761.0,0,13007.02,180,192,4.708,128.0,129.0,0,0.14,0.58,0.33,2.1,96.85,hard,-0.0033
running,2026-03-28 13:59:33,826.0,0,2124.91,131,148,2.565,28.0,31.0,0,50.0,50.0,0.0,0.0,0.0,easy,
cross_country_skiing,2026-03-29 08:13:01,8555.0,0,9518.01,131,168,1.253,835.0,830.0,0,45.7,49.03,4.8,0.47,0.0,easy,0.0005
running,2026-03-29 17:11:58,4027.0,0,13064.03,142,166,3.256,159.0,148.0,0,4.63,66.7,27.32,1.35,0.0,hard,0.0005
running,2026-03-30 11:10:57,3250.0,0,10416.96,144,176,3.224,84.0,102.0,0,19.04,52.4,15.58,11.46,1.53,hard,0.0005
running,2026-03-31 06:46:22,2439.0,0,8239.92,141,172,3.388,95.0,99.0,0,9.64,67.93,20.59,1.84,0.0,hard,0.0005
running,2026-04-01 10:38:26,1876.0,0,5692.98,137,156,3.048,104.0,78.0,0,15.77,80.41,3.82,0.0,0.0,easy,0.0025
running,2026-04-01 11:21:35,1724.0,0,5483.15,132,165,3.2,19.0,21.0,0,41.28,56.81,1.68,0.23,0.0,easy,0.0031
running,2026-04-01 11:55:51,476.0,0,1600.37,136,163,3.349,11.0,40.0,0,20.63,73.23,5.95,0.19,0.0,easy,
running,2026-04-02 06:14:43,3379.0,0,10829.18,146,169,3.215,185.0,190.0,0,7.1,46.27,39.7,6.93,0.0,hard,
training,2026-04-02 16:35:33,3994.0,0,0,87,144,0,0,0,0,95.59,4.41,0.0,0.0,0.0,easy,-0.0047
cross_country_skiing,2026-04-03 08:35:42,9729.0,0,12716.71,146,172,1.461,1131.0,1075.0,0,11.28,35.78,28.6,24.34,0.0,hard,-0.0047
running,2026-04-04 09:56:54,2752.0,0,8706.53,140,179,3.173,83.0,100.0,0,25.47,50.91,8.21,10.24,5.18,hard,-0.0047
cycling,2026-04-05 07:09:20,4726.0,0,23521.46,136,161,5.0,658.0,266.0,0,29.41,60.87,9.72,0.0,0.0,easy,-0.0047
running,2026-04-05 08:51:37,9447.0,0,22215.71,136,154,2.386,868.0,872.0,0,26.67,69.98,3.35,0.0,0.0,easy,0.0007
cycling,2026-04-05 12:06:31,6035.0,0,40869.65,131,164,6.783,582.0,955.0,0,48.83,40.44,10.29,0.44,0.0,hard,0.0013
running,2026-04-06 09:13:34,3889.0,0,11002.56,124,175,2.851,128.0,126.0,0,79.27,17.05,2.44,0.89,0.36,easy,-0.0027
running,2026-04-07 05:38:49,3107.0,0,10415.48,143,178,3.385,154.0,161.0,0,3.12,73.71,18.05,4.05,1.06,hard,-0.0033
cycling,2026-04-07 15:24:19,112.0,0,643.63,84,126,5.677,2.0,2.0,0,100.0,0.0,0.0,0.0,0.0,easy,-0.0033
cycling,2026-04-07 15:26:34,4122.0,0,32342.57,131,167,7.844,328.0,334.0,0,49.89,35.22,14.24,0.65,0.0,hard,-0.0033
running,2026-04-08 07:51:25,1666.0,0,4144.36,132,154,2.506,52.0,23.0,0,27.13,69.0,3.88,0.0,0.0,easy,0.0003
running,2026-04-08 08:25:40,2050.0,0,6861.17,161,191,3.344,12.0,12.0,0,13.99,19.99,13.6,7.41,45.0,hard,0.001
running,2026-04-08 09:12:15,257.0,0,800.24,137,148,3.107,5.0,22.0,0,10.08,89.92,0.0,0.0,0.0,easy,0.0026
running,2026-04-09 10:43:25,1245.0,0,4146.5,141,154,3.421,27.0,17.0,0,5.64,89.88,4.48,0.0,0.0,easy,0.0046
running,2026-04-11 05:34:29,1804.0,0,6225.47,147,162,3.456,46.0,45.0,0,1.66,67.59,30.75,0.0,0.0,hard,0.0047
running,2026-04-12 07:01:36,6992.0,0,25885.59,153,179,3.741,236.0,222.0,0,12.42,29.0,43.55,13.72,1.31,hard,0.0047
running,2026-04-13 10:24:48,2884.0,0,10024.0,136,171,3.536,49.0,47.0,0,31.85,61.65,5.29,1.22,0.0,easy,0.003
running,2026-04-14 10:54:53,1834.0,0,5901.46,135,149,3.276,89.0,89.0,0,16.03,83.97,0.0,0.0,0.0,easy,-0.0012
running,2026-04-15 16:58:41,1615.0,0,4881.17,139,166,3.028,14.0,14.0,0,32.41,60.02,6.33,1.25,0.0,easy,-0.0021
running,2026-04-15 17:47:06,1863.0,0,5758.06,162,195,3.09,17.0,18.0,0,14.5,20.09,14.12,8.97,42.32,hard,-0.0027
running,2026-04-15 18:24:26,314.0,0,876.43,132,136,2.785,4.0,4.0,0,19.49,80.51,0.0,0.0,0.0,easy,0.0002
running,2026-04-16 07:43:56,1824.0,0,5995.5,145,162,3.285,43.0,40.0,0,5.65,71.64,22.71,0.0,0.0,hard,0.0005
training,2026-04-16 10:39:19,2068.0,0,0,121,165,0,0,0,0,72.02,20.54,6.67,0.77,0.0,easy,0.0005
cycling,2026-04-16 13:48:33,10375.0,0,67379.38,128,180,6.622,419.0,299.0,0,57.74,33.77,4.83,2.69,0.97,easy,0.0005
running,2026-04-17 05:44:59,1950.0,0,6464.56,138,148,3.312,14.0,14.0,0,13.07,86.93,0.0,0.0,0.0,easy,-0.0027
cycling,2026-04-17 13:01:20,8861.0,0,62830.27,124,174,7.172,266.0,366.0,0,73.1,23.56,1.68,1.61,0.04,easy,-0.0026
running,2026-04-18 08:40:24,2803.0,0,7879.9,140,163,2.807,27.0,27.0,0,24.38,45.83,29.59,0.2,0.0,hard,-0.0026
running,2026-04-18 09:40:56,2481.0,0,9872.0,139,160,3.977,30.0,29.0,0,18.19,68.1,13.71,0.0,0.0,hard,-0.0026
running,2026-04-18 10:36:25,165.0,0,435.72,126,137,2.623,2.0,2.0,0,59.04,40.96,0.0,0.0,0.0,easy,0.0012
cycling,2026-04-19 07:08:01,10203.0,0,68950.59,136,179,6.892,654.0,655.0,0,43.65,41.28,11.82,2.97,0.28,hard,0.0022
running,2026-04-20 10:53:04,2883.0,0,9495.37,139,161,3.319,69.0,69.0,0,20.83,58.7,20.47,0.0,0.0,hard,0.0022
running,2026-04-22 17:05:11,4712.0,0,10112.42,135,172,2.144,24.0,25.0,0,37.91,44.1,14.34,3.65,0.0,hard,0.0022
running,2026-04-23 10:42:17,1869.0,0,6229.11,137,153,3.372,43.0,42.0,0,14.77,82.69,2.55,0.0,0.0,easy,0.0024
running,2026-04-23 17:26:28,1416.0,0,4685.31,133,152,3.3,36.0,42.0,0,24.8,71.95,3.25,0.0,0.0,easy,0.0016
running,2026-04-24 10:36:30,2872.0,0,9503.43,139,174,3.346,73.0,67.0,0,14.29,76.44,4.33,4.54,0.39,easy,0.0019
running,2026-04-25 08:49:45,4695.0,0,17639.71,153,191,3.779,86.0,82.0,0,5.39,52.22,15.57,6.34,20.48,hard,0.0013
training,2026-04-25 11:59:22,4968.0,0,0,123,187,0,0,0,0,66.65,19.86,7.91,3.76,1.81,hard,0.0013
running,2026-04-26 09:20:07,3627.0,0,13138.96,153,168,3.657,177.0,148.0,0,1.77,21.25,69.86,7.12,0.0,hard,0.0013
running,2026-04-27 16:50:26,2876.0,0,9593.17,137,150,3.418,72.0,70.0,0,8.7,91.23,0.07,0.0,0.0,easy,-0.001
running,2026-04-28 10:43:30,1212.0,0,4167.69,140,160,3.434,35.0,32.0,0,6.01,79.45,14.54,0.0,0.0,hard,-0.0012
running,2026-04-28 11:15:06,2045.0,0,7464.03,160,191,3.647,16.0,14.0,0,11.05,16.57,17.94,28.89,25.56,hard,-0.0012
running,2026-04-28 11:59:08,389.0,0,1223.34,138,148,3.125,12.0,1.0,0,11.37,88.63,0.0,0.0,0.0,easy,-0.0022
running,2026-04-29 10:19:04,2886.0,0,10120.2,145,166,3.599,71.0,72.0,0,4.01,69.75,24.58,1.67,0.0,hard,-0.0026
running,2026-05-01 15:55:08,2363.0,0,6525.28,131,161,2.83,98.0,92.0,0,55.42,36.76,7.82,0.0,0.0,easy,0.0013
running,2026-05-02 08:42:47,3637.0,0,9271.02,134,188,2.574,24.0,25.0,0,41.39,45.26,9.88,1.89,1.58,hard,0.0019
running,2026-05-03 14:56:15,4505.0,0,16599.33,148,162,3.682,72.0,70.0,0,7.16,41.56,51.28,0.0,0.0,hard,0.0019
running,2026-05-04 06:54:14,1874.0,0,6386.43,143,158,3.44,29.0,37.0,0,8.55,62.29,29.16,0.0,0.0,hard,0.0019
running,2026-05-04 11:14:23,1844.0,0,6235.66,134,152,3.422,43.0,45.0,0,23.05,76.3,0.65,0.0,0.0,easy,0.0005
training,2026-05-05 11:57:55,1221.0,0,362.75,85,122,0.297,0.0,0.0,0,100.0,0.0,0.0,0.0,0.0,easy,0.0004
running,2026-05-05 17:23:44,3229.0,0,10025.94,148,188,3.143,38.0,39.0,0,26.52,27.95,14.11,9.88,21.54,hard,0.0004
running,2026-05-06 10:42:58,2897.0,0,9452.09,140,151,3.376,63.0,63.0,0,4.11,95.55,0.35,0.0,0.0,easy,
cycling,2026-05-06 17:02:18,3012.0,0,14313.76,102,150,4.814,50.0,101.0,0,96.9,3.02,0.08,0.0,0.0,easy,
cycling,2026-05-07 10:32:27,5543.0,0,29772.12,103,145,5.392,199.0,147.0,0,98.39,1.61,0.0,0.0,0.0,easy,-0.0091
running,2026-05-09 11:07:49,3465.0,0,8668.04,145,177,2.498,48.0,48.0,0,38.2,23.86,31.68,4.62,1.64,hard,-0.0091
running,2026-05-10 09:25:04,3898.0,0,12847.41,138,165,3.315,157.0,156.0,0,14.21,74.55,9.93,1.31,0.0,hard,-0.0091
running,2026-05-12 16:41:14,2867.0,0,8051.26,137,171,2.843,56.0,54.0,0,30.57,58.26,7.87,3.3,0.0,hard,-0.0091
running,2026-05-13 18:55:33,4413.0,0,8482.81,131,180,1.919,24.0,24.0,0,46.7,47.06,3.46,2.03,0.75,easy,0.0017
running,2026-05-14 15:46:15,3742.0,0,14540.6,148,173,3.882,70.0,68.0,0,5.61,44.5,40.38,9.51,0.0,hard,0.0038
running,2026-05-15 16:21:21,2410.0,0,8304.8,135,163,3.442,43.0,43.0,0,20.71,75.26,3.79,0.23,0.0,easy,-0.001
running,2026-05-16 10:02:59,3256.0,0,9048.97,134,168,2.779,29.0,32.0,0,34.5,57.09,7.85,0.55,0.0,easy,0.0014
running,2026-05-17 08:32:05,3382.0,0,11066.95,139,163,3.292,82.0,89.0,0,33.56,58.68,7.49,0.26,0.0,easy,0.0014
running,2026-05-18 11:12:17,983.0,0,3140.08,136,148,3.192,26.0,17.0,0,22.16,77.84,0.0,0.0,0.0,easy,
running,2026-05-19 11:24:39,2961.0,0,11098.45,153,173,3.753,74.0,71.0,0,2.62,31.71,47.28,18.39,0.0,hard,0.0005
training,2026-05-20 10:53:26,1377.0,0,0,90,111,0,0,0,0,100.0,0.0,0.0,0.0,0.0,easy,0.0005
running,2026-05-20 16:55:02,1904.0,0,6126.0,146,162,3.214,22.0,21.0,0,17.55,52.23,30.22,0.0,0.0,hard,0.0005
running,2026-05-20 17:45:18,2294.0,0,6830.53,155,185,2.976,19.0,19.0,0,7.8,26.36,31.55,20.35,13.94,hard,0.0005
running,2026-05-20 18:28:31,274.0,0,861.93,142,149,3.137,2.0,1.0,0,8.73,91.27,0.0,0.0,0.0,easy,0.0014
running,2026-05-22 06:50:03,2247.0,0,7128.14,139,156,3.192,42.0,51.0,0,16.45,74.9,8.65,0.0,0.0,easy,0.0019
cycling,2026-05-22 16:11:09,5411.0,0,35575.09,112,141,6.647,144.0,146.0,0,94.78,5.22,0.0,0.0,0.0,easy,0.0024
running,2026-05-23 08:46:25,4304.0,0,7955.79,138,189,1.847,26.0,25.0,0,28.71,58.97,6.62,3.68,2.03,hard,0.0024
running,2026-05-24 07:03:10,3636.0,0,12666.77,141,153,3.519,85.0,83.0,0,7.31,87.9,4.79,0.0,0.0,easy,0.002
running,2026-05-25 06:45:43,2781.0,0,9226.06,136,152,3.35,65.0,68.0,0,24.95,72.68,2.37,0.0,0.0,easy,
cycling,2026-05-25 08:17:01,9639.0,0,60448.13,127,174,6.383,315.0,316.0,0,68.71,25.35,3.22,2.49,0.22,easy,
cycling,2026-05-27 06:37:35,2026.0,0,11064.29,137,164,5.739,61.0,76.0,0,33.27,49.1,15.6,2.03,0.0,hard,-0.0015
cycling,2026-05-27 14:28:13,2151.0,0,11268.66,130,163,5.492,67.0,57.0,0,48.83,46.89,3.79,0.48,0.0,easy,-0.0015
running,2026-05-27 16:49:32,2079.0,0,5869.85,145,161,2.851,23.0,20.0,0,26.99,21.18,51.83,0.0,0.0,hard,-0.0015
running,2026-05-27 17:44:30,1811.0,0,5161.8,146,175,2.849,13.0,14.0,0,19.17,34.53,30.0,15.52,0.77,hard,-0.0015
running,2026-05-27 18:40:31,149.0,0,441.93,133,142,2.942,2.0,2.0,0,24.67,75.33,0.0,0.0,0.0,easy,0.0
running,2026-05-28 06:30:08,2068.0,0,6484.35,135,149,3.193,47.0,45.0,0,21.05,78.95,0.0,0.0,0.0,easy,-0.0026
training,2026-05-28 10:34:49,3008.0,0,0,86,118,0,0,0,0,100.0,0.0,0.0,0.0,0.0,easy,-0.003
running,2026-05-29 16:28:18,3324.0,0,9050.31,132,152,2.734,42.0,38.0,0,61.32,35.79,2.89,0.0,0.0,easy,0.0015
running,2026-05-30 08:36:00,5224.0,0,11617.41,144,188,2.247,51.0,42.0,0,20.05,27.79,28.68,21.7,1.78,hard,0.002
running,2026-05-31 10:18:06,3468.0,0,13150.97,149,170,3.789,74.0,72.0,0,4.59,59.23,18.63,17.54,0.0,hard,0.002
running,2026-06-01 07:34:06,1736.0,0,6139.92,141,155,3.553,47.0,50.0,0,4.72,90.79,4.49,0.0,0.0,easy,0.0027
running,2026-06-01 16:48:34,1900.0,0,6362.27,131,153,3.401,41.0,45.0,0,46.68,52.47,0.85,0.0,0.0,easy,-0.0005
training,2026-06-02 10:36:42,2031.0,0,760.32,89,117,0.375,0.0,0.0,0,100.0,0.0,0.0,0.0,0.0,easy,-0.0008
running,2026-06-03 16:49:56,1926.0,0,5916.81,135,162,3.068,23.0,21.0,0,20.43,71.31,8.26,0.0,0.0,easy,0.0011
running,2026-06-03 17:39:54,2305.0,0,8011.35,138,165,3.472,21.0,20.0,0,24.26,64.14,11.3,0.3,0.0,hard,0.0009
running,2026-06-04 15:51:47,2823.0,0,9016.04,132,148,3.245,93.0,76.0,0,26.72,73.28,0.0,0.0,0.0,easy,-0.0048
training,2026-06-04 16:48:29,5551.0,0,0,102,160,0,0,0,0,90.47,7.91,1.62,0.0,0.0,easy,-0.005
running,2026-06-05 16:19:05,3857.0,0,9057.9,125,160,2.355,44.0,43.0,0,74.36,24.84,0.79,0.0,0.0,easy,0.001
running,2026-06-06 08:43:54,3701.0,0,7888.57,136,183,2.129,30.0,25.0,0,43.39,28.85,18.01,8.85,0.91,hard,0.0014
cycling,2026-06-06 13:55:48,8844.0,0,53575.04,133,158,6.128,546.0,500.0,0,38.56,56.96,4.47,0.0,0.0,easy,0.0014
running,2026-06-07 15:59:23,2936.0,0,9535.07,136,155,3.377,68.0,65.0,0,19.54,71.97,8.48,0.0,0.0,easy,
